==========================================
DHA fusion training (Trainer-based)
  config:     dha_fusion_smoke_trainer.json
  output_dir: /root/paddlejob/share-storage/gpfs/system-public/dingxibo/PaddleFleet/Research/VHA-Warmup/output/qwen3_vha_1p7B_dha_fusion/smoke
  log_dir:    /root/paddlejob/share-storage/gpfs/system-public/dingxibo/PaddleFleet/Research/VHA-Warmup/output/qwen3_vha_1p7B_dha_fusion/smoke/trainer-logs
  GPUs:       0,1,2,3,4,5,6,7
==========================================
LAUNCH WARNING 2026-05-24 19:52:55,638 Host ip reset to 10.79.128.213
LAUNCH INFO 2026-05-24 19:52:55,641 -----------  Configuration  ----------------------
LAUNCH INFO 2026-05-24 19:52:55,641 auto_cluster_config: 0
LAUNCH INFO 2026-05-24 19:52:55,641 auto_parallel_config: None
LAUNCH INFO 2026-05-24 19:52:55,641 auto_tuner_json: None
LAUNCH INFO 2026-05-24 19:52:55,641 devices: 0,1,2,3,4,5,6,7
LAUNCH INFO 2026-05-24 19:52:55,641 elastic_level: -1
LAUNCH INFO 2026-05-24 19:52:55,641 elastic_timeout: 30
LAUNCH INFO 2026-05-24 19:52:55,641 enable_gpu_log: True
LAUNCH INFO 2026-05-24 19:52:55,641 gloo_port: 6767
LAUNCH INFO 2026-05-24 19:52:55,641 host: 10.79.128.213
LAUNCH INFO 2026-05-24 19:52:55,641 ips: None
LAUNCH INFO 2026-05-24 19:52:55,641 job_id: default
LAUNCH INFO 2026-05-24 19:52:55,641 legacy: False
LAUNCH INFO 2026-05-24 19:52:55,641 log_dir: /root/paddlejob/share-storage/gpfs/system-public/dingxibo/PaddleFleet/Research/VHA-Warmup/output/qwen3_vha_1p7B_dha_fusion/smoke/trainer-logs
LAUNCH INFO 2026-05-24 19:52:55,641 log_level: INFO
LAUNCH INFO 2026-05-24 19:52:55,641 log_overwrite: False
LAUNCH INFO 2026-05-24 19:52:55,641 master: None
LAUNCH INFO 2026-05-24 19:52:55,641 max_restart: 3
LAUNCH INFO 2026-05-24 19:52:55,641 nnodes: 1
LAUNCH INFO 2026-05-24 19:52:55,641 nproc_per_node: None
LAUNCH INFO 2026-05-24 19:52:55,641 rank: -1
LAUNCH INFO 2026-05-24 19:52:55,641 run_mode: collective
LAUNCH INFO 2026-05-24 19:52:55,641 server_num: None
LAUNCH INFO 2026-05-24 19:52:55,641 servers: 
LAUNCH INFO 2026-05-24 19:52:55,641 sort_ip: False
LAUNCH INFO 2026-05-24 19:52:55,641 start_port: 6070
LAUNCH INFO 2026-05-24 19:52:55,641 trainer_num: None
LAUNCH INFO 2026-05-24 19:52:55,641 trainers: 
LAUNCH INFO 2026-05-24 19:52:55,641 training_script: /root/paddlejob/share-storage/gpfs/system-public/dingxibo/PaddleFleet/Research/VHA-Warmup/scripts/dha_fusion/run_dha_fusion.py
LAUNCH INFO 2026-05-24 19:52:55,641 training_script_args: ['dha_fusion_smoke_trainer.json']
LAUNCH INFO 2026-05-24 19:52:55,641 with_gloo: 1
LAUNCH INFO 2026-05-24 19:52:55,641 --------------------------------------------------
LAUNCH INFO 2026-05-24 19:52:55,642 Job: default, mode collective, replicas 1[1:1], elastic False
LAUNCH INFO 2026-05-24 19:52:55,650 Run Pod: zbcxxs, replicas 8, status ready
LAUNCH INFO 2026-05-24 19:52:55,927 Watching Pod: zbcxxs, replicas 8, status running
LAUNCH WARNING args host will be overridden by env: POD_IP value: 10.79.128.213
[2026-05-24 19:52:59,708] [    INFO] __init__.py:214 - Successfully loaded ecosystem library: deep_gemm
[2026-05-24 19:52:59,720] [    INFO] __init__.py:214 - Successfully loaded ecosystem library: deep_ep
/root/paddlejob/share-storage/gpfs/system-public/dingxibo/venv_paddlefleet/lib/python3.12/site-packages/torch/cuda/__init__.py:61: FutureWarning: The pynvml package is deprecated. Please install nvidia-ml-py instead. If you did not install pynvml directly, please report this to the maintainers of the package that installed pynvml for you.
  import pynvml  # type: ignore[import]
/root/paddlejob/share-storage/gpfs/system-public/dingxibo/venv_paddlefleet/lib/python3.12/site-packages/paddle/library.py:116: UserWarning: The feature 'device_types' in function 'torch.library.custom_op' is not implemented in PaddlePaddle's custom operator interface.
  warn_about_unimplemented_torch_features(
/root/paddlejob/share-storage/gpfs/system-public/dingxibo/venv_paddlefleet/lib/python3.12/site-packages/paddle/library.py:120: UserWarning: The feature 'schema' in function 'torch.library.custom_op' is not implemented in PaddlePaddle's custom operator interface.
  warn_about_unimplemented_torch_features(
/root/paddlejob/share-storage/gpfs/system-public/dingxibo/venv_paddlefleet/lib/python3.12/site-packages/paddle/library.py:158: UserWarning: The feature 'register_fake' in function 'torch.library.register_fake' is not implemented in PaddlePaddle's custom operator interface.
  warn_about_unimplemented_torch_features(
[2026-05-24 19:53:01,725] [    INFO] __init__.py:214 - Successfully loaded ecosystem library: sonicmoe
[WARNING] flash_mask.so not found, FA3 custom ops not available
[2026-05-24 19:53:01,800] [    INFO] __init__.py:214 - Successfully loaded ecosystem library: flash_mask
[33m[2026-05-24 19:53:03,395] [ WARNING][0m - Due to potential compatibility issues between PaddlePaddle and PyTorch in PaddleFormers, PaddleFormers defaults `transformers.utils.import_utils.is_torch_available` and `transformers.utils.import_utils.is_torchvision_available` to False. If you need to use PyTorch in transformers or torchvision, please add `del sys.modules['transformers']` before using them.[0m
W0524 19:53:03.949641 708901 gpu_resources.cc:116] Please NOTE: device: 0, GPU Compute Capability: 10.3, Driver API Version: 13.0, Runtime API Version: 13.0
W0524 19:53:03.959674 708901 custom_operator.cc:972] Operator (fused_stack_quant) has been registered before as PIR op.
W0524 19:53:03.959712 708901 custom_operator.cc:974] PIR Operator (fused_stack_quant) has been overridden by Custom op!.
I0524 19:53:03.959728 708901 op_info.h:143] Overriding op: fused_stack_quant
W0524 19:53:03.959743 708901 custom_operator.cc:972] Operator (fused_act_dequant) has been registered before as PIR op.
W0524 19:53:03.959749 708901 custom_operator.cc:974] PIR Operator (fused_act_dequant) has been overridden by Custom op!.
I0524 19:53:03.959764 708901 op_info.h:143] Overriding op: fused_act_dequant
W0524 19:53:03.959792 708901 custom_operator.cc:972] Operator (fused_transpose_split_quant) has been registered before as PIR op.
W0524 19:53:03.959800 708901 custom_operator.cc:974] PIR Operator (fused_transpose_split_quant) has been overridden by Custom op!.
I0524 19:53:03.959820 708901 op_info.h:143] Overriding op: fused_transpose_split_quant
W0524 19:53:03.959832 708901 custom_operator.cc:972] Operator (fused_stack_transpose_quant) has been registered before as PIR op.
W0524 19:53:03.959838 708901 custom_operator.cc:974] PIR Operator (fused_stack_transpose_quant) has been overridden by Custom op!.
I0524 19:53:03.959851 708901 op_info.h:143] Overriding op: fused_stack_transpose_quant
/root/paddlejob/share-storage/gpfs/system-public/dingxibo/venv_paddlefleet/lib/python3.12/site-packages/paddleslim/common/load_model.py:20: UserWarning: pkg_resources is deprecated as an API. See https://setuptools.pypa.io/en/latest/pkg_resources.html. The pkg_resources package is slated for removal as early as 2025-11-30. Refrain from using this package or pin to Setuptools<81.
  import pkg_resources as pkg
[32m[2026-05-24 19:53:07,967] [    INFO][0m - fa_version = 4 set FLAGS_flash_attn_version to 4[0m
/root/paddlejob/share-storage/gpfs/system-public/dingxibo/venv_paddlefleet/lib/python3.12/site-packages/paddleformers/trainer/training_args.py:2703: UserWarning: `sharding_degree` is deprecated, please use `sharding_parallel_size`
/root/paddlejob/share-storage/gpfs/system-public/dingxibo/venv_paddlefleet/lib/python3.12/site-packages/paddleformers/trainer/training_args.py:1865: UserWarning: We set `distributed_dataloader` to False if tp_degree <= 1 and pp_degree <= 1
[2026-05-24 19:53:07,968] [    INFO] distributed_strategy.py:343 - distributed strategy initialized
[32m[2026-05-24 19:53:07,968] [    INFO][0m - PP configs:{'micro_batch_size': 1, 'accumulate_steps': 1, 'schedule_mode': '1F1B', 'p2p_cache_shape': True, 'enable_partial_send_recv': True}, use master_grad: True[0m
======================= Modified FLAGS detected =======================
FLAGS(name='FLAGS_cudnn_dir', current_value='/root/paddlejob/share-storage/gpfs/system-public/dingxibo/venv_paddlefleet/lib/python3.12/site-packages/paddle/../nvidia/cudnn/lib', default_value='')
FLAGS(name='FLAGS_nvidia_package_dir', current_value='/root/paddlejob/share-storage/gpfs/system-public/dingxibo/venv_paddlefleet/lib/python3.12/site-packages/paddle/../nvidia', default_value='')
FLAGS(name='FLAGS_cusolver_dir', current_value='/root/paddlejob/share-storage/gpfs/system-public/dingxibo/venv_paddlefleet/lib/python3.12/site-packages/paddle/../nvidia/cusolver/lib', default_value='')
FLAGS(name='FLAGS_curand_dir', current_value='/root/paddlejob/share-storage/gpfs/system-public/dingxibo/venv_paddlefleet/lib/python3.12/site-packages/paddle/../nvidia/curand/lib', default_value='')
FLAGS(name='FLAGS_selected_gpus', current_value='0', default_value='')
FLAGS(name='FLAGS_cupti_dir', current_value='/root/paddlejob/share-storage/gpfs/system-public/dingxibo/venv_paddlefleet/lib/python3.12/site-packages/paddle/../nvidia/cuda_cupti/lib', default_value='')
FLAGS(name='FLAGS_nccl_dir', current_value='/root/paddlejob/share-storage/gpfs/system-public/dingxibo/venv_paddlefleet/lib/python3.12/site-packages/paddle/../nvidia/nccl/lib', default_value='')
FLAGS(name='FLAGS_cuda_cccl_dir', current_value='/root/paddlejob/share-storage/gpfs/system-public/dingxibo/venv_paddlefleet/lib/python3.12/site-packages/paddle/../nvidia/cuda_cccl/include/', default_value='')
FLAGS(name='FLAGS_cusparse_dir', current_value='/root/paddlejob/share-storage/gpfs/system-public/dingxibo/venv_paddlefleet/lib/python3.12/site-packages/paddle/../nvidia/cusparse/lib', default_value='')
FLAGS(name='FLAGS_flash_attn_version', current_value=4, default_value=2)
FLAGS(name='FLAGS_enable_pir_in_executor', current_value=True, default_value=False)
FLAGS(name='FLAGS_cublas_dir', current_value='/root/paddlejob/share-storage/gpfs/system-public/dingxibo/venv_paddlefleet/lib/python3.12/site-packages/paddle/../nvidia/cublas/lib', default_value='')
=======================================================================
I0524 19:53:07.970407 708901 tcp_store.cc:336] create libuv server at port: 38065
I0524 19:53:07.970944 708901 tcp_utils.cc:132] Successfully connected to 10.79.128.213:38065
I0524 19:53:10.122469 708901 process_group_nccl.cc:155] ProcessGroupNCCL pg_timeout_ 1800000
I0524 19:53:10.122515 708901 process_group_nccl.cc:156] ProcessGroupNCCL nccl_comm_init_option_ 0
[2026-05-24 19:53:10,126] [    INFO] topology.py:535 - Total 8 pipe comm group(s) create successfully!
[2026-05-24 19:53:10,127] [    INFO] topology.py:535 - Total 8 data comm group(s) create successfully!
[2026-05-24 19:53:10,127] [    INFO] topology.py:535 - Total 8 model comm group(s) create successfully!
I0524 19:53:10.127266 708901 process_group_nccl.cc:155] ProcessGroupNCCL pg_timeout_ 1800000
I0524 19:53:10.127280 708901 process_group_nccl.cc:156] ProcessGroupNCCL nccl_comm_init_option_ 0
[2026-05-24 19:53:10,127] [    INFO] topology.py:535 - Total 1 sharding comm group(s) create successfully!
I0524 19:53:10.127348 708901 process_group_nccl.cc:155] ProcessGroupNCCL pg_timeout_ 1800000
I0524 19:53:10.127352 708901 process_group_nccl.cc:156] ProcessGroupNCCL nccl_comm_init_option_ 0
[2026-05-24 19:53:10,127] [    INFO] topology.py:449 - HybridParallelInfo: rank_id: 0, mp_degree: 1, sharding_degree: 8, pp_degree: 1, dp_degree: 1, sep_degree: 1, mp_group: [0],  sharding_group: [0, 1, 2, 3, 4, 5, 6, 7], pp_group: [0], dp_group: [0], sep:group: None, check/clip group: [0, 1, 2, 3, 4, 5, 6, 7]
[2026-05-24 19:53:10,128] [ WARNING] fleet.py:321 - The dygraph parallel environment has been initialized.
[2026-05-24 19:53:10,128] [ WARNING] fleet.py:349 - The dygraph hybrid parallel environment has been initialized.
fleet initialize successfully: rank=0 world_size=8
[32m[2026-05-24 19:53:10,128] [    INFO][0m -     +==============================================================================+
    |                                                                              |
    |                         DistributedStrategy Overview                         |
    |                                                                              |
    +==============================================================================+
    |                        a_sync=True <-> a_sync_configs                        |
    +------------------------------------------------------------------------------+
    |                               k_steps                    -1                  |
    |                     max_merge_var_num                    1                   |
    |                       send_queue_size                    16                  |
    |               independent_recv_thread                  False                 |
    |         min_send_grad_num_before_recv                    1                   |
    |                      thread_pool_size                    1                   |
    |                       send_wait_times                    1                   |
    |               runtime_split_send_recv                  False                 |
    |                        launch_barrier                   True                 |
    |             heter_worker_device_guard                   cpu                  |
    |                        lr_decay_steps                    10                  |
    |                            use_ps_gpu                    0                   |
    |                         use_gpu_graph                    0                   |
    +==============================================================================+
    |                    Environment Flags, Communication Flags                    |
    +------------------------------------------------------------------------------+
    |                                  mode                    1                   |
    |                               elastic                  False                 |
    |                                  auto                  False                 |
    |                   sync_nccl_allreduce                   True                 |
    |                         nccl_comm_num                    1                   |
    |            use_hierarchical_allreduce                  False                 |
    |   hierarchical_allreduce_inter_nranks                    1                   |
    |                       sync_batch_norm                  False                 |
    |                   fuse_all_reduce_ops                   True                 |
    |                  fuse_grad_size_in_MB                    32                  |
    |              fuse_grad_size_in_TFLOPS                   50.0                 |
    |               cudnn_exhaustive_search                  False                 |
    |             conv_workspace_size_limit                   512                  |
    |    cudnn_batchnorm_spatial_persistent                  False                 |
    |                        fp16_allreduce                  False                 |
    |               last_comm_group_size_MB                   1.0                  |
    |                find_unused_parameters                  False                 |
    |            without_graph_optimization                   True                 |
    |                 fuse_grad_size_in_num                    8                   |
    |                 calc_comm_same_stream                  False                 |
    |                                   asp                  False                 |
    |                       fuse_grad_merge                  False                 |
    |                             semi_auto                  False                 |
    |                            adam_d2sum                  False                 |
    |                           auto_search                  False                 |
    |                        heter_ccl_mode                  False                 |
    |                         is_fl_ps_mode                  False                 |
    |                      with_coordinator                  False                 |
    |                            split_data                   True                 |
    |                  downpour_table_param                    []                  |
    |                       fs_client_param                                        |
    +==============================================================================+
    |                                Build Strategy                                |
    +------------------------------------------------------------------------------+
    |              fuse_elewise_add_act_ops                  False                 |
    |                       fuse_bn_act_ops                  False                 |
    |              fuse_relu_depthwise_conv                  False                 |
    |                    fuse_broadcast_ops                  False                 |
    |                fuse_all_optimizer_ops                  False                 |
    |                        enable_inplace                  False                 |
    |     enable_backward_optimizer_op_deps                   True                 |
    |                 cache_runtime_context                  False                 |
    |                   fuse_bn_add_act_ops                   True                 |
    |                    enable_auto_fusion                  False                 |
    |                          enable_addto                  False                 |
    |              allow_cuda_graph_capture                  False                 |
    |                       reduce_strategy                    0                   |
    |                    fuse_gemm_epilogue                  False                 |
    |                   debug_graphviz_path                                        |
    |                       fused_attention                  False                 |
    |                     fused_feedforward                  False                 |
    |            fuse_dot_product_attention                  False                 |
    |                          fuse_resunit                  False                 |
    +==============================================================================+
[0m
[32m[2026-05-24 19:53:10,129] [    INFO][0m - The default value for the training argument `--report_to` will change in v5 (from all installed integrations to none). In v5, you will need to use `--report_to all` to get the same behavior as now. You should start updating your code and make this info disappear :-).[0m
[32m[2026-05-24 19:53:10,129] [    INFO][0m - Auto set hybrid_parallel_expert_grad_scale = 1.0[0m
/root/paddlejob/share-storage/gpfs/system-public/dingxibo/venv_paddlefleet/lib/python3.12/site-packages/paddlefleet/parallel_state.py:248: UserWarning: get_pipeline_model_parallel_rank is not implemented yet, always returns 0 for now. 
[35m[2026-05-24 19:53:10,129] [   DEBUG][0m - ============================================================[0m
[35m[2026-05-24 19:53:10,129] [   DEBUG][0m -      Model Configuration Arguments      [0m
[35m[2026-05-24 19:53:10,129] [   DEBUG][0m - paddle commit id              : a6ff7cd15adcff9b582b3bfdd3b7c978838e125e[0m
[35m[2026-05-24 19:53:10,130] [   DEBUG][0m - paddleformers commit id       : d94c112a6ee973ea58b9153ff4635e2dad98d284[0m
[35m[2026-05-24 19:53:10,130] [   DEBUG][0m - continue_training             : False[0m
[35m[2026-05-24 19:53:10,130] [   DEBUG][0m - model_name_or_path            : /root/paddlejob/share-storage/gpfs/system-public/dingxibo/PaddleFleet/Research/VHA/config/qwen3/Qwen3-1.7B-GQA[0m
[35m[2026-05-24 19:53:10,130] [   DEBUG][0m - tokenizer_name_or_path        : /root/paddlejob/share-storage/gpfs/system-public/dingxibo/PaddleFleet/Research/VHA/config/qwen3/tokenizer[0m
[35m[2026-05-24 19:53:10,130] [   DEBUG][0m - [0m
[35m[2026-05-24 19:53:10,130] [   DEBUG][0m - ============================================================[0m
[35m[2026-05-24 19:53:10,130] [   DEBUG][0m -       Data Configuration Arguments      [0m
[35m[2026-05-24 19:53:10,130] [   DEBUG][0m - paddle commit id              : a6ff7cd15adcff9b582b3bfdd3b7c978838e125e[0m
[35m[2026-05-24 19:53:10,130] [   DEBUG][0m - paddleformers commit id       : d94c112a6ee973ea58b9153ff4635e2dad98d284[0m
[35m[2026-05-24 19:53:10,130] [   DEBUG][0m - data_cache                    : None[0m
[35m[2026-05-24 19:53:10,130] [   DEBUG][0m - data_impl                     : mmap[0m
[35m[2026-05-24 19:53:10,130] [   DEBUG][0m - input_dir                     : /root/paddlejob/share-storage/gpfs/system-public/dingxibo/datasets/fineweb-edu[0m
[35m[2026-05-24 19:53:10,130] [   DEBUG][0m - max_seq_length                : 1024[0m
[35m[2026-05-24 19:53:10,130] [   DEBUG][0m - share_folder                  : False[0m
[35m[2026-05-24 19:53:10,130] [   DEBUG][0m - skip_warmup                   : True[0m
[35m[2026-05-24 19:53:10,130] [   DEBUG][0m - [0m
[35m[2026-05-24 19:53:10,130] [   DEBUG][0m - ============================================================[0m
[35m[2026-05-24 19:53:10,130] [   DEBUG][0m -       DHA Configuration Arguments       [0m
[35m[2026-05-24 19:53:10,131] [   DEBUG][0m - paddle commit id              : a6ff7cd15adcff9b582b3bfdd3b7c978838e125e[0m
[35m[2026-05-24 19:53:10,131] [   DEBUG][0m - paddleformers commit id       : d94c112a6ee973ea58b9153ff4635e2dad98d284[0m
[35m[2026-05-24 19:53:10,131] [   DEBUG][0m - dual_update_interval          : 2[0m
[35m[2026-05-24 19:53:10,131] [   DEBUG][0m - fusion_decay_steps            : 4[0m
[35m[2026-05-24 19:53:10,131] [   DEBUG][0m - gqa_checkpoint                : /root/paddlejob/share-storage/gpfs/system-public/dingxibo/PaddleFleet/Research/VHA/output/qwen3_gqa_1p7B_pretrain/checkpoint-24000/model_state_merged[0m
[35m[2026-05-24 19:53:10,131] [   DEBUG][0m - groupings_path                : /root/paddlejob/share-storage/gpfs/system-public/dingxibo/PaddleFleet/Research/VHA-Warmup/output/qwen3_vha_1p7B_kv_postmix_activation_128/conversion_diagnostics.json[0m
[35m[2026-05-24 19:53:10,131] [   DEBUG][0m - lambda_init                   : 0.0[0m
[35m[2026-05-24 19:53:10,131] [   DEBUG][0m - lambda_lr                     : 1.0[0m
[35m[2026-05-24 19:53:10,131] [   DEBUG][0m - lambda_max                    : 100.0[0m
[35m[2026-05-24 19:53:10,131] [   DEBUG][0m - [0m
[32m[2026-05-24 19:53:10,133] [    INFO][0m - Using download source: huggingface[0m
[2026-05-24 19:53:11,043] [    INFO] qwen_provider.py:138 - Loaded config from /root/paddlejob/share-storage/gpfs/system-public/dingxibo/PaddleFleet/Research/VHA/config/qwen3/Qwen3-1.7B-GQA/config.json: attn_type=gqa, hidden_size=2048, num_heads=16, num_kv_heads=8, layers=28
[32m[2026-05-24 19:53:11,044] [    INFO][0m - Building model: /root/paddlejob/share-storage/gpfs/system-public/dingxibo/PaddleFleet/Research/VHA/config/qwen3/Qwen3-1.7B-GQA[0m
building GPT model ...
[2026-05-24 19:53:11,045] [    INFO] pp_layers.py:871 - start segment network..
[2026-05-24 19:53:11,046] [    INFO] pp_layers.py:877 - segment with method: layer:TransformerLayer|EmptyLayer; result: 0, 31
[2026-05-24 19:53:11,046] [    INFO] pp_layers.py:894 - stage=0, global_rank=0 ,layer_number=31
[2026-05-24 19:53:11,046] [    INFO] pp_layers.py:899 - 0: <class 'paddlefleet.models.gpt.gpt_embedding.GPTEmbedding'>{'config': QwenBaseProvider(tensor_model_parallel_size=1, parallel_output=True, pipeline_model_parallel_comm_backend=None, pipeline_model_parallel_size=1, virtual_pipeline_model_parallel_size=None, sequence_parallel=False, context_parallel_size=1, hierarchical_context_parallel_sizes=None, expert_model_parallel_size=1, expert_tensor_parallel_size=1, moe_extended_tp=False, perform_initialization=True, use_cpu_initialization=False, fp16=False, bf16=True, params_dtype=<DataType.BFLOAT16: 16>, timers=None, finalize_model_grads_func=None, grad_scale_func=None, no_sync_func=None, grad_sync_func=None, param_sync_func=None, deterministic_mode=False, enable_autocast=False, autocast_dtype=<DataType.BFLOAT16: 16>, num_microbatches_with_partial_activation_checkpoints=None, fa_version=2, gradient_accumulation_fusion=False, async_tensor_model_parallel_allreduce=False, use_te_rng_tracker=False, tp_comm_overlap=False, tp_comm_bulk_wgrad=True, tp_comm_bulk_dgrad=True, tp_comm_overlap_ag=True, tp_comm_overlap_rs=True, tp_comm_overlap_rs_dgrad=False, tp_comm_split_ag=True, tp_comm_atomic_ag=False, tp_comm_split_rs=True, tp_comm_atomic_rs=False, cross_entropy_loss_fusion=False, cross_entropy_fusion_impl='native', tp_comm_overlap_disable_qkv=False, tp_comm_overlap_disable_fc1=False, tp_comm_bootstrap_backend='nccl', variable_seq_lengths=False, overlap_p2p_comm=False, batch_p2p_comm=True, batch_p2p_sync=True, deallocate_pipeline_outputs=True, defer_embedding_wgrad_compute=False, wgrad_deferral_limit=0, pipeline_model_parallel_split_rank=None, overlap_p2p_comm_warmup_flush=False, microbatch_group_size_per_vp_stage=1, delay_wgrad_compute=False, cpu_offloading=False, cpu_offloading_num_layers=0, _cpu_offloading_context=None, cpu_offloading_activations=True, cpu_offloading_weights=True, barrier_with_L1_time=True, num_hidden_layers=28, num_nextn_predict_layers=0, train_mtp_only=False, mtp_distillation_loss=False, mtp_num_layers=0, mtp_loss_scaling_factor=0.3, add_mtp_loss=True, mtp_load_weight_only=False, use_dense_mtp=False, separate_mtp_headloss=False, experimental_dataflow=False, num_empty_layers_add_in_head=0, num_empty_layers_add_in_tail=0, pipeline_model_parallel_layout=None, account_for_embedding_in_pipeline_split=False, account_for_loss_in_pipeline_split=False, hidden_size=2048, num_attention_heads=16, softmax_scale=None, softmax_type='vanilla', num_key_value_heads=8, init_method=functools.partial(<function normal_ at 0x76652e9d6340>, mean=0.0, std=0.02), head_dim=128, hidden_dropout_prob=0.0, attention_dropout=0.0, _attn_implementation='default', flashmask_use_varlen=False, intermediate_size=6144, gated_linear_unit=True, hidden_act=<function silu at 0x76652ea2b4c0>, use_bias=False, attention_bias=False, output_layer_init_method=functools.partial(<function normal_ at 0x76652e9d6340>, mean=0.0, std=0.002672612419124244), rotary_interleaved=False, multi_latent_attention=False, heterogeneous_block_specs=False, sliding_window=None, window_attn_skip_freq=None, calculate_per_token_loss=False, fp32_residual_connection=False, rope_scaling=1.0, rope_theta=1000000, apply_residual_connection_post_layernorm=False, activation_func_clamp_value=None, glu_linear_offset=0.0, multimodal_embedding=False, gated_attention=False, block_attention_residuals=False, attn_res_block_size=1, apply_query_key_layer_scaling=False, attention_softmax_in_fp32=False, high_precision_rope=False, bias_activation_fusion=True, masked_softmax_fusion=False, normalization='RMSNorm', use_qk_norm=True, qk_norm_fusion=False, qk_norm_type='per_head', rms_norm_eps=1e-05, layernorm_zero_centered_gamma=False, bias_dropout_fusion=True, apply_rope_fusion=False, sigmoid_gate_fusion=False, recompute_granularity=None, recompute_method=None, recompute_num_layers=None, recompute_modules=None, n_routed_experts=None, n_shared_experts=None, num_experts_per_tok=2, scoring_func='softmax', moe_intermediate_size=None, topk_method='greedy', moe_token_dispatcher_type='deepep', moe_use_fusion_node=True, moe_router_load_balancing_type='aux_loss', moe_layer_freq=1, first_k_dense_replace=None, moe_expert_capacity_factor=None, moe_pad_expert_input_to_capacity=False, moe_token_drop_policy='probs', router_aux_loss_coef=0.01, norm_topk_prob=True, n_group=1, topk_group=1, routed_scaling_factor=1.0, routed_scaling_factor_learnable=False, moe_dequant_input=False, moe_expert_fusion=True, moe_subbatch_token_num_before_dispatch=None, moe_subbatch_token_num_after_dispatch=None, use_auto_subbatch=False, moe_subbatch_diag=False, moe_grouped_gemm=False, router_z_loss_coef=None, moe_router_force_load_balancing=False, moe_router_fusion=False, moe_shared_expert_gate=False, moe_shared_expert_overlap=False, moe_deep_gemm=False, moe_ep_barrier=True, use_latent_moe=False, moe_latent_size=None, cp_comm_type=None, fp8=None, fp8_recipe='blockwise', fp8_wgrad=True, embedding_init_method=functools.partial(<function normal_ at 0x76652e9d6340>, mean=0.0, std=0.02), embedding_init_method_std=0.02, init_method_std=0.02, init_model_with_meta_device=False, is_hybrid_model=False, clone_scatter_output_in_embedding=True, using_sonic_moe=False, q_lora_rank=512, kv_lora_rank=512, qk_nope_head_dim=64, qk_rope_head_dim=64, v_head_dim=128, rope_type='yarn', rotary_base=1000000.0, rotary_percent=1.0, rotary_scaling_factor=40, original_max_position_embeddings=4096, beta_fast=32, beta_slow=1, mscale=1.0, mscale_all_dim=0.0, loss_subbatch_sequence_length=1024, fused_linear_ce_loss_chunk=0, dsa_index_n_heads=None, dsa_index_head_dim=128, dsa_index_topk=2048, dsa_indexer_loss_coeff=0.01, dsa_indexer_use_sparse_loss=False, dsa_indexer_rotary_interleaved=False, gpt_model_use_experimental_version=False, moe_topk_fusion=False, routing_map_fusion=False, vocab_size=151936, position_embedding_type='rope', max_sequence_length=1024, tie_word_embeddings=True, layer_types=None, fp16_lm_cross_entropy=False, make_vocab_size_divisible_by=128, seq_len_interpolation_factor=None, seq_length=1024, scatter_embedding_sequence_parallel=True, tp_only_amax_red=False, tp_comm_overlap_cfg=None, generation_config=None, should_pad_vocab=False, mtp_enabled=False, restore_modelopt_state=False, max_position_embeddings=40960, hidden_dropout=0.0, layernorm_epsilon=1e-06, persist_layer_norm=True, vha_enable_premix=True, vha_enable_postmix=True, vha_postmix_rank=4, vha_premix_init_alpha=0.1, attn_type='gqa'), 'vocab_size': 151936, 'max_sequence_length': 1024, 'position_embedding_type': 'rope', 'rotary_percent': 1.0, 'rotary_base': 1000000, 'rope_scaling': 1.0}()
[2026-05-24 19:53:11,046] [    INFO] pp_layers.py:899 - 1: <class 'paddlefleet.transformer.transformer_layer.TransformerLayer'>{'config': QwenBaseProvider(tensor_model_parallel_size=1, parallel_output=True, pipeline_model_parallel_comm_backend=None, pipeline_model_parallel_size=1, virtual_pipeline_model_parallel_size=None, sequence_parallel=False, context_parallel_size=1, hierarchical_context_parallel_sizes=None, expert_model_parallel_size=1, expert_tensor_parallel_size=1, moe_extended_tp=False, perform_initialization=True, use_cpu_initialization=False, fp16=False, bf16=True, params_dtype=<DataType.BFLOAT16: 16>, timers=None, finalize_model_grads_func=None, grad_scale_func=None, no_sync_func=None, grad_sync_func=None, param_sync_func=None, deterministic_mode=False, enable_autocast=False, autocast_dtype=<DataType.BFLOAT16: 16>, num_microbatches_with_partial_activation_checkpoints=None, fa_version=2, gradient_accumulation_fusion=False, async_tensor_model_parallel_allreduce=False, use_te_rng_tracker=False, tp_comm_overlap=False, tp_comm_bulk_wgrad=True, tp_comm_bulk_dgrad=True, tp_comm_overlap_ag=True, tp_comm_overlap_rs=True, tp_comm_overlap_rs_dgrad=False, tp_comm_split_ag=True, tp_comm_atomic_ag=False, tp_comm_split_rs=True, tp_comm_atomic_rs=False, cross_entropy_loss_fusion=False, cross_entropy_fusion_impl='native', tp_comm_overlap_disable_qkv=False, tp_comm_overlap_disable_fc1=False, tp_comm_bootstrap_backend='nccl', variable_seq_lengths=False, overlap_p2p_comm=False, batch_p2p_comm=True, batch_p2p_sync=True, deallocate_pipeline_outputs=True, defer_embedding_wgrad_compute=False, wgrad_deferral_limit=0, pipeline_model_parallel_split_rank=None, overlap_p2p_comm_warmup_flush=False, microbatch_group_size_per_vp_stage=1, delay_wgrad_compute=False, cpu_offloading=False, cpu_offloading_num_layers=0, _cpu_offloading_context=None, cpu_offloading_activations=True, cpu_offloading_weights=True, barrier_with_L1_time=True, num_hidden_layers=28, num_nextn_predict_layers=0, train_mtp_only=False, mtp_distillation_loss=False, mtp_num_layers=0, mtp_loss_scaling_factor=0.3, add_mtp_loss=True, mtp_load_weight_only=False, use_dense_mtp=False, separate_mtp_headloss=False, experimental_dataflow=False, num_empty_layers_add_in_head=0, num_empty_layers_add_in_tail=0, pipeline_model_parallel_layout=None, account_for_embedding_in_pipeline_split=False, account_for_loss_in_pipeline_split=False, hidden_size=2048, num_attention_heads=16, softmax_scale=None, softmax_type='vanilla', num_key_value_heads=8, init_method=functools.partial(<function normal_ at 0x76652e9d6340>, mean=0.0, std=0.02), head_dim=128, hidden_dropout_prob=0.0, attention_dropout=0.0, _attn_implementation='default', flashmask_use_varlen=False, intermediate_size=6144, gated_linear_unit=True, hidden_act=<function silu at 0x76652ea2b4c0>, use_bias=False, attention_bias=False, output_layer_init_method=functools.partial(<function normal_ at 0x76652e9d6340>, mean=0.0, std=0.002672612419124244), rotary_interleaved=False, multi_latent_attention=False, heterogeneous_block_specs=False, sliding_window=None, window_attn_skip_freq=None, calculate_per_token_loss=False, fp32_residual_connection=False, rope_scaling=1.0, rope_theta=1000000, apply_residual_connection_post_layernorm=False, activation_func_clamp_value=None, glu_linear_offset=0.0, multimodal_embedding=False, gated_attention=False, block_attention_residuals=False, attn_res_block_size=1, apply_query_key_layer_scaling=False, attention_softmax_in_fp32=False, high_precision_rope=False, bias_activation_fusion=True, masked_softmax_fusion=False, normalization='RMSNorm', use_qk_norm=True, qk_norm_fusion=False, qk_norm_type='per_head', rms_norm_eps=1e-05, layernorm_zero_centered_gamma=False, bias_dropout_fusion=True, apply_rope_fusion=False, sigmoid_gate_fusion=False, recompute_granularity=None, recompute_method=None, recompute_num_layers=None, recompute_modules=None, n_routed_experts=None, n_shared_experts=None, num_experts_per_tok=2, scoring_func='softmax', moe_intermediate_size=None, topk_method='greedy', moe_token_dispatcher_type='deepep', moe_use_fusion_node=True, moe_router_load_balancing_type='aux_loss', moe_layer_freq=1, first_k_dense_replace=None, moe_expert_capacity_factor=None, moe_pad_expert_input_to_capacity=False, moe_token_drop_policy='probs', router_aux_loss_coef=0.01, norm_topk_prob=True, n_group=1, topk_group=1, routed_scaling_factor=1.0, routed_scaling_factor_learnable=False, moe_dequant_input=False, moe_expert_fusion=True, moe_subbatch_token_num_before_dispatch=None, moe_subbatch_token_num_after_dispatch=None, use_auto_subbatch=False, moe_subbatch_diag=False, moe_grouped_gemm=False, router_z_loss_coef=None, moe_router_force_load_balancing=False, moe_router_fusion=False, moe_shared_expert_gate=False, moe_shared_expert_overlap=False, moe_deep_gemm=False, moe_ep_barrier=True, use_latent_moe=False, moe_latent_size=None, cp_comm_type=None, fp8=None, fp8_recipe='blockwise', fp8_wgrad=True, embedding_init_method=functools.partial(<function normal_ at 0x76652e9d6340>, mean=0.0, std=0.02), embedding_init_method_std=0.02, init_method_std=0.02, init_model_with_meta_device=False, is_hybrid_model=False, clone_scatter_output_in_embedding=True, using_sonic_moe=False, q_lora_rank=512, kv_lora_rank=512, qk_nope_head_dim=64, qk_rope_head_dim=64, v_head_dim=128, rope_type='yarn', rotary_base=1000000.0, rotary_percent=1.0, rotary_scaling_factor=40, original_max_position_embeddings=4096, beta_fast=32, beta_slow=1, mscale=1.0, mscale_all_dim=0.0, loss_subbatch_sequence_length=1024, fused_linear_ce_loss_chunk=0, dsa_index_n_heads=None, dsa_index_head_dim=128, dsa_index_topk=2048, dsa_indexer_loss_coeff=0.01, dsa_indexer_use_sparse_loss=False, dsa_indexer_rotary_interleaved=False, gpt_model_use_experimental_version=False, moe_topk_fusion=False, routing_map_fusion=False, vocab_size=151936, position_embedding_type='rope', max_sequence_length=1024, tie_word_embeddings=True, layer_types=None, fp16_lm_cross_entropy=False, make_vocab_size_divisible_by=128, seq_len_interpolation_factor=None, seq_length=1024, scatter_embedding_sequence_parallel=True, tp_only_amax_red=False, tp_comm_overlap_cfg=None, generation_config=None, should_pad_vocab=False, mtp_enabled=False, restore_modelopt_state=False, max_position_embeddings=40960, hidden_dropout=0.0, layernorm_epsilon=1e-06, persist_layer_norm=True, vha_enable_premix=True, vha_enable_postmix=True, vha_postmix_rank=4, vha_premix_init_alpha=0.1, attn_type='gqa'), 'layer_number': 0, 'hidden_dropout_prob': 0.0}()
[2026-05-24 19:53:11,046] [    INFO] pp_layers.py:899 - 2: <class 'paddlefleet.transformer.transformer_layer.TransformerLayer'>{'config': QwenBaseProvider(tensor_model_parallel_size=1, parallel_output=True, pipeline_model_parallel_comm_backend=None, pipeline_model_parallel_size=1, virtual_pipeline_model_parallel_size=None, sequence_parallel=False, context_parallel_size=1, hierarchical_context_parallel_sizes=None, expert_model_parallel_size=1, expert_tensor_parallel_size=1, moe_extended_tp=False, perform_initialization=True, use_cpu_initialization=False, fp16=False, bf16=True, params_dtype=<DataType.BFLOAT16: 16>, timers=None, finalize_model_grads_func=None, grad_scale_func=None, no_sync_func=None, grad_sync_func=None, param_sync_func=None, deterministic_mode=False, enable_autocast=False, autocast_dtype=<DataType.BFLOAT16: 16>, num_microbatches_with_partial_activation_checkpoints=None, fa_version=2, gradient_accumulation_fusion=False, async_tensor_model_parallel_allreduce=False, use_te_rng_tracker=False, tp_comm_overlap=False, tp_comm_bulk_wgrad=True, tp_comm_bulk_dgrad=True, tp_comm_overlap_ag=True, tp_comm_overlap_rs=True, tp_comm_overlap_rs_dgrad=False, tp_comm_split_ag=True, tp_comm_atomic_ag=False, tp_comm_split_rs=True, tp_comm_atomic_rs=False, cross_entropy_loss_fusion=False, cross_entropy_fusion_impl='native', tp_comm_overlap_disable_qkv=False, tp_comm_overlap_disable_fc1=False, tp_comm_bootstrap_backend='nccl', variable_seq_lengths=False, overlap_p2p_comm=False, batch_p2p_comm=True, batch_p2p_sync=True, deallocate_pipeline_outputs=True, defer_embedding_wgrad_compute=False, wgrad_deferral_limit=0, pipeline_model_parallel_split_rank=None, overlap_p2p_comm_warmup_flush=False, microbatch_group_size_per_vp_stage=1, delay_wgrad_compute=False, cpu_offloading=False, cpu_offloading_num_layers=0, _cpu_offloading_context=None, cpu_offloading_activations=True, cpu_offloading_weights=True, barrier_with_L1_time=True, num_hidden_layers=28, num_nextn_predict_layers=0, train_mtp_only=False, mtp_distillation_loss=False, mtp_num_layers=0, mtp_loss_scaling_factor=0.3, add_mtp_loss=True, mtp_load_weight_only=False, use_dense_mtp=False, separate_mtp_headloss=False, experimental_dataflow=False, num_empty_layers_add_in_head=0, num_empty_layers_add_in_tail=0, pipeline_model_parallel_layout=None, account_for_embedding_in_pipeline_split=False, account_for_loss_in_pipeline_split=False, hidden_size=2048, num_attention_heads=16, softmax_scale=None, softmax_type='vanilla', num_key_value_heads=8, init_method=functools.partial(<function normal_ at 0x76652e9d6340>, mean=0.0, std=0.02), head_dim=128, hidden_dropout_prob=0.0, attention_dropout=0.0, _attn_implementation='default', flashmask_use_varlen=False, intermediate_size=6144, gated_linear_unit=True, hidden_act=<function silu at 0x76652ea2b4c0>, use_bias=False, attention_bias=False, output_layer_init_method=functools.partial(<function normal_ at 0x76652e9d6340>, mean=0.0, std=0.002672612419124244), rotary_interleaved=False, multi_latent_attention=False, heterogeneous_block_specs=False, sliding_window=None, window_attn_skip_freq=None, calculate_per_token_loss=False, fp32_residual_connection=False, rope_scaling=1.0, rope_theta=1000000, apply_residual_connection_post_layernorm=False, activation_func_clamp_value=None, glu_linear_offset=0.0, multimodal_embedding=False, gated_attention=False, block_attention_residuals=False, attn_res_block_size=1, apply_query_key_layer_scaling=False, attention_softmax_in_fp32=False, high_precision_rope=False, bias_activation_fusion=True, masked_softmax_fusion=False, normalization='RMSNorm', use_qk_norm=True, qk_norm_fusion=False, qk_norm_type='per_head', rms_norm_eps=1e-05, layernorm_zero_centered_gamma=False, bias_dropout_fusion=True, apply_rope_fusion=False, sigmoid_gate_fusion=False, recompute_granularity=None, recompute_method=None, recompute_num_layers=None, recompute_modules=None, n_routed_experts=None, n_shared_experts=None, num_experts_per_tok=2, scoring_func='softmax', moe_intermediate_size=None, topk_method='greedy', moe_token_dispatcher_type='deepep', moe_use_fusion_node=True, moe_router_load_balancing_type='aux_loss', moe_layer_freq=1, first_k_dense_replace=None, moe_expert_capacity_factor=None, moe_pad_expert_input_to_capacity=False, moe_token_drop_policy='probs', router_aux_loss_coef=0.01, norm_topk_prob=True, n_group=1, topk_group=1, routed_scaling_factor=1.0, routed_scaling_factor_learnable=False, moe_dequant_input=False, moe_expert_fusion=True, moe_subbatch_token_num_before_dispatch=None, moe_subbatch_token_num_after_dispatch=None, use_auto_subbatch=False, moe_subbatch_diag=False, moe_grouped_gemm=False, router_z_loss_coef=None, moe_router_force_load_balancing=False, moe_router_fusion=False, moe_shared_expert_gate=False, moe_shared_expert_overlap=False, moe_deep_gemm=False, moe_ep_barrier=True, use_latent_moe=False, moe_latent_size=None, cp_comm_type=None, fp8=None, fp8_recipe='blockwise', fp8_wgrad=True, embedding_init_method=functools.partial(<function normal_ at 0x76652e9d6340>, mean=0.0, std=0.02), embedding_init_method_std=0.02, init_method_std=0.02, init_model_with_meta_device=False, is_hybrid_model=False, clone_scatter_output_in_embedding=True, using_sonic_moe=False, q_lora_rank=512, kv_lora_rank=512, qk_nope_head_dim=64, qk_rope_head_dim=64, v_head_dim=128, rope_type='yarn', rotary_base=1000000.0, rotary_percent=1.0, rotary_scaling_factor=40, original_max_position_embeddings=4096, beta_fast=32, beta_slow=1, mscale=1.0, mscale_all_dim=0.0, loss_subbatch_sequence_length=1024, fused_linear_ce_loss_chunk=0, dsa_index_n_heads=None, dsa_index_head_dim=128, dsa_index_topk=2048, dsa_indexer_loss_coeff=0.01, dsa_indexer_use_sparse_loss=False, dsa_indexer_rotary_interleaved=False, gpt_model_use_experimental_version=False, moe_topk_fusion=False, routing_map_fusion=False, vocab_size=151936, position_embedding_type='rope', max_sequence_length=1024, tie_word_embeddings=True, layer_types=None, fp16_lm_cross_entropy=False, make_vocab_size_divisible_by=128, seq_len_interpolation_factor=None, seq_length=1024, scatter_embedding_sequence_parallel=True, tp_only_amax_red=False, tp_comm_overlap_cfg=None, generation_config=None, should_pad_vocab=False, mtp_enabled=False, restore_modelopt_state=False, max_position_embeddings=40960, hidden_dropout=0.0, layernorm_epsilon=1e-06, persist_layer_norm=True, vha_enable_premix=True, vha_enable_postmix=True, vha_postmix_rank=4, vha_premix_init_alpha=0.1, attn_type='gqa'), 'layer_number': 1, 'hidden_dropout_prob': 0.0}()
[2026-05-24 19:53:11,046] [    INFO] pp_layers.py:899 - 3: <class 'paddlefleet.transformer.transformer_layer.TransformerLayer'>{'config': QwenBaseProvider(tensor_model_parallel_size=1, parallel_output=True, pipeline_model_parallel_comm_backend=None, pipeline_model_parallel_size=1, virtual_pipeline_model_parallel_size=None, sequence_parallel=False, context_parallel_size=1, hierarchical_context_parallel_sizes=None, expert_model_parallel_size=1, expert_tensor_parallel_size=1, moe_extended_tp=False, perform_initialization=True, use_cpu_initialization=False, fp16=False, bf16=True, params_dtype=<DataType.BFLOAT16: 16>, timers=None, finalize_model_grads_func=None, grad_scale_func=None, no_sync_func=None, grad_sync_func=None, param_sync_func=None, deterministic_mode=False, enable_autocast=False, autocast_dtype=<DataType.BFLOAT16: 16>, num_microbatches_with_partial_activation_checkpoints=None, fa_version=2, gradient_accumulation_fusion=False, async_tensor_model_parallel_allreduce=False, use_te_rng_tracker=False, tp_comm_overlap=False, tp_comm_bulk_wgrad=True, tp_comm_bulk_dgrad=True, tp_comm_overlap_ag=True, tp_comm_overlap_rs=True, tp_comm_overlap_rs_dgrad=False, tp_comm_split_ag=True, tp_comm_atomic_ag=False, tp_comm_split_rs=True, tp_comm_atomic_rs=False, cross_entropy_loss_fusion=False, cross_entropy_fusion_impl='native', tp_comm_overlap_disable_qkv=False, tp_comm_overlap_disable_fc1=False, tp_comm_bootstrap_backend='nccl', variable_seq_lengths=False, overlap_p2p_comm=False, batch_p2p_comm=True, batch_p2p_sync=True, deallocate_pipeline_outputs=True, defer_embedding_wgrad_compute=False, wgrad_deferral_limit=0, pipeline_model_parallel_split_rank=None, overlap_p2p_comm_warmup_flush=False, microbatch_group_size_per_vp_stage=1, delay_wgrad_compute=False, cpu_offloading=False, cpu_offloading_num_layers=0, _cpu_offloading_context=None, cpu_offloading_activations=True, cpu_offloading_weights=True, barrier_with_L1_time=True, num_hidden_layers=28, num_nextn_predict_layers=0, train_mtp_only=False, mtp_distillation_loss=False, mtp_num_layers=0, mtp_loss_scaling_factor=0.3, add_mtp_loss=True, mtp_load_weight_only=False, use_dense_mtp=False, separate_mtp_headloss=False, experimental_dataflow=False, num_empty_layers_add_in_head=0, num_empty_layers_add_in_tail=0, pipeline_model_parallel_layout=None, account_for_embedding_in_pipeline_split=False, account_for_loss_in_pipeline_split=False, hidden_size=2048, num_attention_heads=16, softmax_scale=None, softmax_type='vanilla', num_key_value_heads=8, init_method=functools.partial(<function normal_ at 0x76652e9d6340>, mean=0.0, std=0.02), head_dim=128, hidden_dropout_prob=0.0, attention_dropout=0.0, _attn_implementation='default', flashmask_use_varlen=False, intermediate_size=6144, gated_linear_unit=True, hidden_act=<function silu at 0x76652ea2b4c0>, use_bias=False, attention_bias=False, output_layer_init_method=functools.partial(<function normal_ at 0x76652e9d6340>, mean=0.0, std=0.002672612419124244), rotary_interleaved=False, multi_latent_attention=False, heterogeneous_block_specs=False, sliding_window=None, window_attn_skip_freq=None, calculate_per_token_loss=False, fp32_residual_connection=False, rope_scaling=1.0, rope_theta=1000000, apply_residual_connection_post_layernorm=False, activation_func_clamp_value=None, glu_linear_offset=0.0, multimodal_embedding=False, gated_attention=False, block_attention_residuals=False, attn_res_block_size=1, apply_query_key_layer_scaling=False, attention_softmax_in_fp32=False, high_precision_rope=False, bias_activation_fusion=True, masked_softmax_fusion=False, normalization='RMSNorm', use_qk_norm=True, qk_norm_fusion=False, qk_norm_type='per_head', rms_norm_eps=1e-05, layernorm_zero_centered_gamma=False, bias_dropout_fusion=True, apply_rope_fusion=False, sigmoid_gate_fusion=False, recompute_granularity=None, recompute_method=None, recompute_num_layers=None, recompute_modules=None, n_routed_experts=None, n_shared_experts=None, num_experts_per_tok=2, scoring_func='softmax', moe_intermediate_size=None, topk_method='greedy', moe_token_dispatcher_type='deepep', moe_use_fusion_node=True, moe_router_load_balancing_type='aux_loss', moe_layer_freq=1, first_k_dense_replace=None, moe_expert_capacity_factor=None, moe_pad_expert_input_to_capacity=False, moe_token_drop_policy='probs', router_aux_loss_coef=0.01, norm_topk_prob=True, n_group=1, topk_group=1, routed_scaling_factor=1.0, routed_scaling_factor_learnable=False, moe_dequant_input=False, moe_expert_fusion=True, moe_subbatch_token_num_before_dispatch=None, moe_subbatch_token_num_after_dispatch=None, use_auto_subbatch=False, moe_subbatch_diag=False, moe_grouped_gemm=False, router_z_loss_coef=None, moe_router_force_load_balancing=False, moe_router_fusion=False, moe_shared_expert_gate=False, moe_shared_expert_overlap=False, moe_deep_gemm=False, moe_ep_barrier=True, use_latent_moe=False, moe_latent_size=None, cp_comm_type=None, fp8=None, fp8_recipe='blockwise', fp8_wgrad=True, embedding_init_method=functools.partial(<function normal_ at 0x76652e9d6340>, mean=0.0, std=0.02), embedding_init_method_std=0.02, init_method_std=0.02, init_model_with_meta_device=False, is_hybrid_model=False, clone_scatter_output_in_embedding=True, using_sonic_moe=False, q_lora_rank=512, kv_lora_rank=512, qk_nope_head_dim=64, qk_rope_head_dim=64, v_head_dim=128, rope_type='yarn', rotary_base=1000000.0, rotary_percent=1.0, rotary_scaling_factor=40, original_max_position_embeddings=4096, beta_fast=32, beta_slow=1, mscale=1.0, mscale_all_dim=0.0, loss_subbatch_sequence_length=1024, fused_linear_ce_loss_chunk=0, dsa_index_n_heads=None, dsa_index_head_dim=128, dsa_index_topk=2048, dsa_indexer_loss_coeff=0.01, dsa_indexer_use_sparse_loss=False, dsa_indexer_rotary_interleaved=False, gpt_model_use_experimental_version=False, moe_topk_fusion=False, routing_map_fusion=False, vocab_size=151936, position_embedding_type='rope', max_sequence_length=1024, tie_word_embeddings=True, layer_types=None, fp16_lm_cross_entropy=False, make_vocab_size_divisible_by=128, seq_len_interpolation_factor=None, seq_length=1024, scatter_embedding_sequence_parallel=True, tp_only_amax_red=False, tp_comm_overlap_cfg=None, generation_config=None, should_pad_vocab=False, mtp_enabled=False, restore_modelopt_state=False, max_position_embeddings=40960, hidden_dropout=0.0, layernorm_epsilon=1e-06, persist_layer_norm=True, vha_enable_premix=True, vha_enable_postmix=True, vha_postmix_rank=4, vha_premix_init_alpha=0.1, attn_type='gqa'), 'layer_number': 2, 'hidden_dropout_prob': 0.0}()
[2026-05-24 19:53:11,046] [    INFO] pp_layers.py:899 - 4: <class 'paddlefleet.transformer.transformer_layer.TransformerLayer'>{'config': QwenBaseProvider(tensor_model_parallel_size=1, parallel_output=True, pipeline_model_parallel_comm_backend=None, pipeline_model_parallel_size=1, virtual_pipeline_model_parallel_size=None, sequence_parallel=False, context_parallel_size=1, hierarchical_context_parallel_sizes=None, expert_model_parallel_size=1, expert_tensor_parallel_size=1, moe_extended_tp=False, perform_initialization=True, use_cpu_initialization=False, fp16=False, bf16=True, params_dtype=<DataType.BFLOAT16: 16>, timers=None, finalize_model_grads_func=None, grad_scale_func=None, no_sync_func=None, grad_sync_func=None, param_sync_func=None, deterministic_mode=False, enable_autocast=False, autocast_dtype=<DataType.BFLOAT16: 16>, num_microbatches_with_partial_activation_checkpoints=None, fa_version=2, gradient_accumulation_fusion=False, async_tensor_model_parallel_allreduce=False, use_te_rng_tracker=False, tp_comm_overlap=False, tp_comm_bulk_wgrad=True, tp_comm_bulk_dgrad=True, tp_comm_overlap_ag=True, tp_comm_overlap_rs=True, tp_comm_overlap_rs_dgrad=False, tp_comm_split_ag=True, tp_comm_atomic_ag=False, tp_comm_split_rs=True, tp_comm_atomic_rs=False, cross_entropy_loss_fusion=False, cross_entropy_fusion_impl='native', tp_comm_overlap_disable_qkv=False, tp_comm_overlap_disable_fc1=False, tp_comm_bootstrap_backend='nccl', variable_seq_lengths=False, overlap_p2p_comm=False, batch_p2p_comm=True, batch_p2p_sync=True, deallocate_pipeline_outputs=True, defer_embedding_wgrad_compute=False, wgrad_deferral_limit=0, pipeline_model_parallel_split_rank=None, overlap_p2p_comm_warmup_flush=False, microbatch_group_size_per_vp_stage=1, delay_wgrad_compute=False, cpu_offloading=False, cpu_offloading_num_layers=0, _cpu_offloading_context=None, cpu_offloading_activations=True, cpu_offloading_weights=True, barrier_with_L1_time=True, num_hidden_layers=28, num_nextn_predict_layers=0, train_mtp_only=False, mtp_distillation_loss=False, mtp_num_layers=0, mtp_loss_scaling_factor=0.3, add_mtp_loss=True, mtp_load_weight_only=False, use_dense_mtp=False, separate_mtp_headloss=False, experimental_dataflow=False, num_empty_layers_add_in_head=0, num_empty_layers_add_in_tail=0, pipeline_model_parallel_layout=None, account_for_embedding_in_pipeline_split=False, account_for_loss_in_pipeline_split=False, hidden_size=2048, num_attention_heads=16, softmax_scale=None, softmax_type='vanilla', num_key_value_heads=8, init_method=functools.partial(<function normal_ at 0x76652e9d6340>, mean=0.0, std=0.02), head_dim=128, hidden_dropout_prob=0.0, attention_dropout=0.0, _attn_implementation='default', flashmask_use_varlen=False, intermediate_size=6144, gated_linear_unit=True, hidden_act=<function silu at 0x76652ea2b4c0>, use_bias=False, attention_bias=False, output_layer_init_method=functools.partial(<function normal_ at 0x76652e9d6340>, mean=0.0, std=0.002672612419124244), rotary_interleaved=False, multi_latent_attention=False, heterogeneous_block_specs=False, sliding_window=None, window_attn_skip_freq=None, calculate_per_token_loss=False, fp32_residual_connection=False, rope_scaling=1.0, rope_theta=1000000, apply_residual_connection_post_layernorm=False, activation_func_clamp_value=None, glu_linear_offset=0.0, multimodal_embedding=False, gated_attention=False, block_attention_residuals=False, attn_res_block_size=1, apply_query_key_layer_scaling=False, attention_softmax_in_fp32=False, high_precision_rope=False, bias_activation_fusion=True, masked_softmax_fusion=False, normalization='RMSNorm', use_qk_norm=True, qk_norm_fusion=False, qk_norm_type='per_head', rms_norm_eps=1e-05, layernorm_zero_centered_gamma=False, bias_dropout_fusion=True, apply_rope_fusion=False, sigmoid_gate_fusion=False, recompute_granularity=None, recompute_method=None, recompute_num_layers=None, recompute_modules=None, n_routed_experts=None, n_shared_experts=None, num_experts_per_tok=2, scoring_func='softmax', moe_intermediate_size=None, topk_method='greedy', moe_token_dispatcher_type='deepep', moe_use_fusion_node=True, moe_router_load_balancing_type='aux_loss', moe_layer_freq=1, first_k_dense_replace=None, moe_expert_capacity_factor=None, moe_pad_expert_input_to_capacity=False, moe_token_drop_policy='probs', router_aux_loss_coef=0.01, norm_topk_prob=True, n_group=1, topk_group=1, routed_scaling_factor=1.0, routed_scaling_factor_learnable=False, moe_dequant_input=False, moe_expert_fusion=True, moe_subbatch_token_num_before_dispatch=None, moe_subbatch_token_num_after_dispatch=None, use_auto_subbatch=False, moe_subbatch_diag=False, moe_grouped_gemm=False, router_z_loss_coef=None, moe_router_force_load_balancing=False, moe_router_fusion=False, moe_shared_expert_gate=False, moe_shared_expert_overlap=False, moe_deep_gemm=False, moe_ep_barrier=True, use_latent_moe=False, moe_latent_size=None, cp_comm_type=None, fp8=None, fp8_recipe='blockwise', fp8_wgrad=True, embedding_init_method=functools.partial(<function normal_ at 0x76652e9d6340>, mean=0.0, std=0.02), embedding_init_method_std=0.02, init_method_std=0.02, init_model_with_meta_device=False, is_hybrid_model=False, clone_scatter_output_in_embedding=True, using_sonic_moe=False, q_lora_rank=512, kv_lora_rank=512, qk_nope_head_dim=64, qk_rope_head_dim=64, v_head_dim=128, rope_type='yarn', rotary_base=1000000.0, rotary_percent=1.0, rotary_scaling_factor=40, original_max_position_embeddings=4096, beta_fast=32, beta_slow=1, mscale=1.0, mscale_all_dim=0.0, loss_subbatch_sequence_length=1024, fused_linear_ce_loss_chunk=0, dsa_index_n_heads=None, dsa_index_head_dim=128, dsa_index_topk=2048, dsa_indexer_loss_coeff=0.01, dsa_indexer_use_sparse_loss=False, dsa_indexer_rotary_interleaved=False, gpt_model_use_experimental_version=False, moe_topk_fusion=False, routing_map_fusion=False, vocab_size=151936, position_embedding_type='rope', max_sequence_length=1024, tie_word_embeddings=True, layer_types=None, fp16_lm_cross_entropy=False, make_vocab_size_divisible_by=128, seq_len_interpolation_factor=None, seq_length=1024, scatter_embedding_sequence_parallel=True, tp_only_amax_red=False, tp_comm_overlap_cfg=None, generation_config=None, should_pad_vocab=False, mtp_enabled=False, restore_modelopt_state=False, max_position_embeddings=40960, hidden_dropout=0.0, layernorm_epsilon=1e-06, persist_layer_norm=True, vha_enable_premix=True, vha_enable_postmix=True, vha_postmix_rank=4, vha_premix_init_alpha=0.1, attn_type='gqa'), 'layer_number': 3, 'hidden_dropout_prob': 0.0}()
[2026-05-24 19:53:11,046] [    INFO] pp_layers.py:899 - 5: <class 'paddlefleet.transformer.transformer_layer.TransformerLayer'>{'config': QwenBaseProvider(tensor_model_parallel_size=1, parallel_output=True, pipeline_model_parallel_comm_backend=None, pipeline_model_parallel_size=1, virtual_pipeline_model_parallel_size=None, sequence_parallel=False, context_parallel_size=1, hierarchical_context_parallel_sizes=None, expert_model_parallel_size=1, expert_tensor_parallel_size=1, moe_extended_tp=False, perform_initialization=True, use_cpu_initialization=False, fp16=False, bf16=True, params_dtype=<DataType.BFLOAT16: 16>, timers=None, finalize_model_grads_func=None, grad_scale_func=None, no_sync_func=None, grad_sync_func=None, param_sync_func=None, deterministic_mode=False, enable_autocast=False, autocast_dtype=<DataType.BFLOAT16: 16>, num_microbatches_with_partial_activation_checkpoints=None, fa_version=2, gradient_accumulation_fusion=False, async_tensor_model_parallel_allreduce=False, use_te_rng_tracker=False, tp_comm_overlap=False, tp_comm_bulk_wgrad=True, tp_comm_bulk_dgrad=True, tp_comm_overlap_ag=True, tp_comm_overlap_rs=True, tp_comm_overlap_rs_dgrad=False, tp_comm_split_ag=True, tp_comm_atomic_ag=False, tp_comm_split_rs=True, tp_comm_atomic_rs=False, cross_entropy_loss_fusion=False, cross_entropy_fusion_impl='native', tp_comm_overlap_disable_qkv=False, tp_comm_overlap_disable_fc1=False, tp_comm_bootstrap_backend='nccl', variable_seq_lengths=False, overlap_p2p_comm=False, batch_p2p_comm=True, batch_p2p_sync=True, deallocate_pipeline_outputs=True, defer_embedding_wgrad_compute=False, wgrad_deferral_limit=0, pipeline_model_parallel_split_rank=None, overlap_p2p_comm_warmup_flush=False, microbatch_group_size_per_vp_stage=1, delay_wgrad_compute=False, cpu_offloading=False, cpu_offloading_num_layers=0, _cpu_offloading_context=None, cpu_offloading_activations=True, cpu_offloading_weights=True, barrier_with_L1_time=True, num_hidden_layers=28, num_nextn_predict_layers=0, train_mtp_only=False, mtp_distillation_loss=False, mtp_num_layers=0, mtp_loss_scaling_factor=0.3, add_mtp_loss=True, mtp_load_weight_only=False, use_dense_mtp=False, separate_mtp_headloss=False, experimental_dataflow=False, num_empty_layers_add_in_head=0, num_empty_layers_add_in_tail=0, pipeline_model_parallel_layout=None, account_for_embedding_in_pipeline_split=False, account_for_loss_in_pipeline_split=False, hidden_size=2048, num_attention_heads=16, softmax_scale=None, softmax_type='vanilla', num_key_value_heads=8, init_method=functools.partial(<function normal_ at 0x76652e9d6340>, mean=0.0, std=0.02), head_dim=128, hidden_dropout_prob=0.0, attention_dropout=0.0, _attn_implementation='default', flashmask_use_varlen=False, intermediate_size=6144, gated_linear_unit=True, hidden_act=<function silu at 0x76652ea2b4c0>, use_bias=False, attention_bias=False, output_layer_init_method=functools.partial(<function normal_ at 0x76652e9d6340>, mean=0.0, std=0.002672612419124244), rotary_interleaved=False, multi_latent_attention=False, heterogeneous_block_specs=False, sliding_window=None, window_attn_skip_freq=None, calculate_per_token_loss=False, fp32_residual_connection=False, rope_scaling=1.0, rope_theta=1000000, apply_residual_connection_post_layernorm=False, activation_func_clamp_value=None, glu_linear_offset=0.0, multimodal_embedding=False, gated_attention=False, block_attention_residuals=False, attn_res_block_size=1, apply_query_key_layer_scaling=False, attention_softmax_in_fp32=False, high_precision_rope=False, bias_activation_fusion=True, masked_softmax_fusion=False, normalization='RMSNorm', use_qk_norm=True, qk_norm_fusion=False, qk_norm_type='per_head', rms_norm_eps=1e-05, layernorm_zero_centered_gamma=False, bias_dropout_fusion=True, apply_rope_fusion=False, sigmoid_gate_fusion=False, recompute_granularity=None, recompute_method=None, recompute_num_layers=None, recompute_modules=None, n_routed_experts=None, n_shared_experts=None, num_experts_per_tok=2, scoring_func='softmax', moe_intermediate_size=None, topk_method='greedy', moe_token_dispatcher_type='deepep', moe_use_fusion_node=True, moe_router_load_balancing_type='aux_loss', moe_layer_freq=1, first_k_dense_replace=None, moe_expert_capacity_factor=None, moe_pad_expert_input_to_capacity=False, moe_token_drop_policy='probs', router_aux_loss_coef=0.01, norm_topk_prob=True, n_group=1, topk_group=1, routed_scaling_factor=1.0, routed_scaling_factor_learnable=False, moe_dequant_input=False, moe_expert_fusion=True, moe_subbatch_token_num_before_dispatch=None, moe_subbatch_token_num_after_dispatch=None, use_auto_subbatch=False, moe_subbatch_diag=False, moe_grouped_gemm=False, router_z_loss_coef=None, moe_router_force_load_balancing=False, moe_router_fusion=False, moe_shared_expert_gate=False, moe_shared_expert_overlap=False, moe_deep_gemm=False, moe_ep_barrier=True, use_latent_moe=False, moe_latent_size=None, cp_comm_type=None, fp8=None, fp8_recipe='blockwise', fp8_wgrad=True, embedding_init_method=functools.partial(<function normal_ at 0x76652e9d6340>, mean=0.0, std=0.02), embedding_init_method_std=0.02, init_method_std=0.02, init_model_with_meta_device=False, is_hybrid_model=False, clone_scatter_output_in_embedding=True, using_sonic_moe=False, q_lora_rank=512, kv_lora_rank=512, qk_nope_head_dim=64, qk_rope_head_dim=64, v_head_dim=128, rope_type='yarn', rotary_base=1000000.0, rotary_percent=1.0, rotary_scaling_factor=40, original_max_position_embeddings=4096, beta_fast=32, beta_slow=1, mscale=1.0, mscale_all_dim=0.0, loss_subbatch_sequence_length=1024, fused_linear_ce_loss_chunk=0, dsa_index_n_heads=None, dsa_index_head_dim=128, dsa_index_topk=2048, dsa_indexer_loss_coeff=0.01, dsa_indexer_use_sparse_loss=False, dsa_indexer_rotary_interleaved=False, gpt_model_use_experimental_version=False, moe_topk_fusion=False, routing_map_fusion=False, vocab_size=151936, position_embedding_type='rope', max_sequence_length=1024, tie_word_embeddings=True, layer_types=None, fp16_lm_cross_entropy=False, make_vocab_size_divisible_by=128, seq_len_interpolation_factor=None, seq_length=1024, scatter_embedding_sequence_parallel=True, tp_only_amax_red=False, tp_comm_overlap_cfg=None, generation_config=None, should_pad_vocab=False, mtp_enabled=False, restore_modelopt_state=False, max_position_embeddings=40960, hidden_dropout=0.0, layernorm_epsilon=1e-06, persist_layer_norm=True, vha_enable_premix=True, vha_enable_postmix=True, vha_postmix_rank=4, vha_premix_init_alpha=0.1, attn_type='gqa'), 'layer_number': 4, 'hidden_dropout_prob': 0.0}()
[2026-05-24 19:53:11,046] [    INFO] pp_layers.py:899 - 6: <class 'paddlefleet.transformer.transformer_layer.TransformerLayer'>{'config': QwenBaseProvider(tensor_model_parallel_size=1, parallel_output=True, pipeline_model_parallel_comm_backend=None, pipeline_model_parallel_size=1, virtual_pipeline_model_parallel_size=None, sequence_parallel=False, context_parallel_size=1, hierarchical_context_parallel_sizes=None, expert_model_parallel_size=1, expert_tensor_parallel_size=1, moe_extended_tp=False, perform_initialization=True, use_cpu_initialization=False, fp16=False, bf16=True, params_dtype=<DataType.BFLOAT16: 16>, timers=None, finalize_model_grads_func=None, grad_scale_func=None, no_sync_func=None, grad_sync_func=None, param_sync_func=None, deterministic_mode=False, enable_autocast=False, autocast_dtype=<DataType.BFLOAT16: 16>, num_microbatches_with_partial_activation_checkpoints=None, fa_version=2, gradient_accumulation_fusion=False, async_tensor_model_parallel_allreduce=False, use_te_rng_tracker=False, tp_comm_overlap=False, tp_comm_bulk_wgrad=True, tp_comm_bulk_dgrad=True, tp_comm_overlap_ag=True, tp_comm_overlap_rs=True, tp_comm_overlap_rs_dgrad=False, tp_comm_split_ag=True, tp_comm_atomic_ag=False, tp_comm_split_rs=True, tp_comm_atomic_rs=False, cross_entropy_loss_fusion=False, cross_entropy_fusion_impl='native', tp_comm_overlap_disable_qkv=False, tp_comm_overlap_disable_fc1=False, tp_comm_bootstrap_backend='nccl', variable_seq_lengths=False, overlap_p2p_comm=False, batch_p2p_comm=True, batch_p2p_sync=True, deallocate_pipeline_outputs=True, defer_embedding_wgrad_compute=False, wgrad_deferral_limit=0, pipeline_model_parallel_split_rank=None, overlap_p2p_comm_warmup_flush=False, microbatch_group_size_per_vp_stage=1, delay_wgrad_compute=False, cpu_offloading=False, cpu_offloading_num_layers=0, _cpu_offloading_context=None, cpu_offloading_activations=True, cpu_offloading_weights=True, barrier_with_L1_time=True, num_hidden_layers=28, num_nextn_predict_layers=0, train_mtp_only=False, mtp_distillation_loss=False, mtp_num_layers=0, mtp_loss_scaling_factor=0.3, add_mtp_loss=True, mtp_load_weight_only=False, use_dense_mtp=False, separate_mtp_headloss=False, experimental_dataflow=False, num_empty_layers_add_in_head=0, num_empty_layers_add_in_tail=0, pipeline_model_parallel_layout=None, account_for_embedding_in_pipeline_split=False, account_for_loss_in_pipeline_split=False, hidden_size=2048, num_attention_heads=16, softmax_scale=None, softmax_type='vanilla', num_key_value_heads=8, init_method=functools.partial(<function normal_ at 0x76652e9d6340>, mean=0.0, std=0.02), head_dim=128, hidden_dropout_prob=0.0, attention_dropout=0.0, _attn_implementation='default', flashmask_use_varlen=False, intermediate_size=6144, gated_linear_unit=True, hidden_act=<function silu at 0x76652ea2b4c0>, use_bias=False, attention_bias=False, output_layer_init_method=functools.partial(<function normal_ at 0x76652e9d6340>, mean=0.0, std=0.002672612419124244), rotary_interleaved=False, multi_latent_attention=False, heterogeneous_block_specs=False, sliding_window=None, window_attn_skip_freq=None, calculate_per_token_loss=False, fp32_residual_connection=False, rope_scaling=1.0, rope_theta=1000000, apply_residual_connection_post_layernorm=False, activation_func_clamp_value=None, glu_linear_offset=0.0, multimodal_embedding=False, gated_attention=False, block_attention_residuals=False, attn_res_block_size=1, apply_query_key_layer_scaling=False, attention_softmax_in_fp32=False, high_precision_rope=False, bias_activation_fusion=True, masked_softmax_fusion=False, normalization='RMSNorm', use_qk_norm=True, qk_norm_fusion=False, qk_norm_type='per_head', rms_norm_eps=1e-05, layernorm_zero_centered_gamma=False, bias_dropout_fusion=True, apply_rope_fusion=False, sigmoid_gate_fusion=False, recompute_granularity=None, recompute_method=None, recompute_num_layers=None, recompute_modules=None, n_routed_experts=None, n_shared_experts=None, num_experts_per_tok=2, scoring_func='softmax', moe_intermediate_size=None, topk_method='greedy', moe_token_dispatcher_type='deepep', moe_use_fusion_node=True, moe_router_load_balancing_type='aux_loss', moe_layer_freq=1, first_k_dense_replace=None, moe_expert_capacity_factor=None, moe_pad_expert_input_to_capacity=False, moe_token_drop_policy='probs', router_aux_loss_coef=0.01, norm_topk_prob=True, n_group=1, topk_group=1, routed_scaling_factor=1.0, routed_scaling_factor_learnable=False, moe_dequant_input=False, moe_expert_fusion=True, moe_subbatch_token_num_before_dispatch=None, moe_subbatch_token_num_after_dispatch=None, use_auto_subbatch=False, moe_subbatch_diag=False, moe_grouped_gemm=False, router_z_loss_coef=None, moe_router_force_load_balancing=False, moe_router_fusion=False, moe_shared_expert_gate=False, moe_shared_expert_overlap=False, moe_deep_gemm=False, moe_ep_barrier=True, use_latent_moe=False, moe_latent_size=None, cp_comm_type=None, fp8=None, fp8_recipe='blockwise', fp8_wgrad=True, embedding_init_method=functools.partial(<function normal_ at 0x76652e9d6340>, mean=0.0, std=0.02), embedding_init_method_std=0.02, init_method_std=0.02, init_model_with_meta_device=False, is_hybrid_model=False, clone_scatter_output_in_embedding=True, using_sonic_moe=False, q_lora_rank=512, kv_lora_rank=512, qk_nope_head_dim=64, qk_rope_head_dim=64, v_head_dim=128, rope_type='yarn', rotary_base=1000000.0, rotary_percent=1.0, rotary_scaling_factor=40, original_max_position_embeddings=4096, beta_fast=32, beta_slow=1, mscale=1.0, mscale_all_dim=0.0, loss_subbatch_sequence_length=1024, fused_linear_ce_loss_chunk=0, dsa_index_n_heads=None, dsa_index_head_dim=128, dsa_index_topk=2048, dsa_indexer_loss_coeff=0.01, dsa_indexer_use_sparse_loss=False, dsa_indexer_rotary_interleaved=False, gpt_model_use_experimental_version=False, moe_topk_fusion=False, routing_map_fusion=False, vocab_size=151936, position_embedding_type='rope', max_sequence_length=1024, tie_word_embeddings=True, layer_types=None, fp16_lm_cross_entropy=False, make_vocab_size_divisible_by=128, seq_len_interpolation_factor=None, seq_length=1024, scatter_embedding_sequence_parallel=True, tp_only_amax_red=False, tp_comm_overlap_cfg=None, generation_config=None, should_pad_vocab=False, mtp_enabled=False, restore_modelopt_state=False, max_position_embeddings=40960, hidden_dropout=0.0, layernorm_epsilon=1e-06, persist_layer_norm=True, vha_enable_premix=True, vha_enable_postmix=True, vha_postmix_rank=4, vha_premix_init_alpha=0.1, attn_type='gqa'), 'layer_number': 5, 'hidden_dropout_prob': 0.0}()
[2026-05-24 19:53:11,046] [    INFO] pp_layers.py:899 - 7: <class 'paddlefleet.transformer.transformer_layer.TransformerLayer'>{'config': QwenBaseProvider(tensor_model_parallel_size=1, parallel_output=True, pipeline_model_parallel_comm_backend=None, pipeline_model_parallel_size=1, virtual_pipeline_model_parallel_size=None, sequence_parallel=False, context_parallel_size=1, hierarchical_context_parallel_sizes=None, expert_model_parallel_size=1, expert_tensor_parallel_size=1, moe_extended_tp=False, perform_initialization=True, use_cpu_initialization=False, fp16=False, bf16=True, params_dtype=<DataType.BFLOAT16: 16>, timers=None, finalize_model_grads_func=None, grad_scale_func=None, no_sync_func=None, grad_sync_func=None, param_sync_func=None, deterministic_mode=False, enable_autocast=False, autocast_dtype=<DataType.BFLOAT16: 16>, num_microbatches_with_partial_activation_checkpoints=None, fa_version=2, gradient_accumulation_fusion=False, async_tensor_model_parallel_allreduce=False, use_te_rng_tracker=False, tp_comm_overlap=False, tp_comm_bulk_wgrad=True, tp_comm_bulk_dgrad=True, tp_comm_overlap_ag=True, tp_comm_overlap_rs=True, tp_comm_overlap_rs_dgrad=False, tp_comm_split_ag=True, tp_comm_atomic_ag=False, tp_comm_split_rs=True, tp_comm_atomic_rs=False, cross_entropy_loss_fusion=False, cross_entropy_fusion_impl='native', tp_comm_overlap_disable_qkv=False, tp_comm_overlap_disable_fc1=False, tp_comm_bootstrap_backend='nccl', variable_seq_lengths=False, overlap_p2p_comm=False, batch_p2p_comm=True, batch_p2p_sync=True, deallocate_pipeline_outputs=True, defer_embedding_wgrad_compute=False, wgrad_deferral_limit=0, pipeline_model_parallel_split_rank=None, overlap_p2p_comm_warmup_flush=False, microbatch_group_size_per_vp_stage=1, delay_wgrad_compute=False, cpu_offloading=False, cpu_offloading_num_layers=0, _cpu_offloading_context=None, cpu_offloading_activations=True, cpu_offloading_weights=True, barrier_with_L1_time=True, num_hidden_layers=28, num_nextn_predict_layers=0, train_mtp_only=False, mtp_distillation_loss=False, mtp_num_layers=0, mtp_loss_scaling_factor=0.3, add_mtp_loss=True, mtp_load_weight_only=False, use_dense_mtp=False, separate_mtp_headloss=False, experimental_dataflow=False, num_empty_layers_add_in_head=0, num_empty_layers_add_in_tail=0, pipeline_model_parallel_layout=None, account_for_embedding_in_pipeline_split=False, account_for_loss_in_pipeline_split=False, hidden_size=2048, num_attention_heads=16, softmax_scale=None, softmax_type='vanilla', num_key_value_heads=8, init_method=functools.partial(<function normal_ at 0x76652e9d6340>, mean=0.0, std=0.02), head_dim=128, hidden_dropout_prob=0.0, attention_dropout=0.0, _attn_implementation='default', flashmask_use_varlen=False, intermediate_size=6144, gated_linear_unit=True, hidden_act=<function silu at 0x76652ea2b4c0>, use_bias=False, attention_bias=False, output_layer_init_method=functools.partial(<function normal_ at 0x76652e9d6340>, mean=0.0, std=0.002672612419124244), rotary_interleaved=False, multi_latent_attention=False, heterogeneous_block_specs=False, sliding_window=None, window_attn_skip_freq=None, calculate_per_token_loss=False, fp32_residual_connection=False, rope_scaling=1.0, rope_theta=1000000, apply_residual_connection_post_layernorm=False, activation_func_clamp_value=None, glu_linear_offset=0.0, multimodal_embedding=False, gated_attention=False, block_attention_residuals=False, attn_res_block_size=1, apply_query_key_layer_scaling=False, attention_softmax_in_fp32=False, high_precision_rope=False, bias_activation_fusion=True, masked_softmax_fusion=False, normalization='RMSNorm', use_qk_norm=True, qk_norm_fusion=False, qk_norm_type='per_head', rms_norm_eps=1e-05, layernorm_zero_centered_gamma=False, bias_dropout_fusion=True, apply_rope_fusion=False, sigmoid_gate_fusion=False, recompute_granularity=None, recompute_method=None, recompute_num_layers=None, recompute_modules=None, n_routed_experts=None, n_shared_experts=None, num_experts_per_tok=2, scoring_func='softmax', moe_intermediate_size=None, topk_method='greedy', moe_token_dispatcher_type='deepep', moe_use_fusion_node=True, moe_router_load_balancing_type='aux_loss', moe_layer_freq=1, first_k_dense_replace=None, moe_expert_capacity_factor=None, moe_pad_expert_input_to_capacity=False, moe_token_drop_policy='probs', router_aux_loss_coef=0.01, norm_topk_prob=True, n_group=1, topk_group=1, routed_scaling_factor=1.0, routed_scaling_factor_learnable=False, moe_dequant_input=False, moe_expert_fusion=True, moe_subbatch_token_num_before_dispatch=None, moe_subbatch_token_num_after_dispatch=None, use_auto_subbatch=False, moe_subbatch_diag=False, moe_grouped_gemm=False, router_z_loss_coef=None, moe_router_force_load_balancing=False, moe_router_fusion=False, moe_shared_expert_gate=False, moe_shared_expert_overlap=False, moe_deep_gemm=False, moe_ep_barrier=True, use_latent_moe=False, moe_latent_size=None, cp_comm_type=None, fp8=None, fp8_recipe='blockwise', fp8_wgrad=True, embedding_init_method=functools.partial(<function normal_ at 0x76652e9d6340>, mean=0.0, std=0.02), embedding_init_method_std=0.02, init_method_std=0.02, init_model_with_meta_device=False, is_hybrid_model=False, clone_scatter_output_in_embedding=True, using_sonic_moe=False, q_lora_rank=512, kv_lora_rank=512, qk_nope_head_dim=64, qk_rope_head_dim=64, v_head_dim=128, rope_type='yarn', rotary_base=1000000.0, rotary_percent=1.0, rotary_scaling_factor=40, original_max_position_embeddings=4096, beta_fast=32, beta_slow=1, mscale=1.0, mscale_all_dim=0.0, loss_subbatch_sequence_length=1024, fused_linear_ce_loss_chunk=0, dsa_index_n_heads=None, dsa_index_head_dim=128, dsa_index_topk=2048, dsa_indexer_loss_coeff=0.01, dsa_indexer_use_sparse_loss=False, dsa_indexer_rotary_interleaved=False, gpt_model_use_experimental_version=False, moe_topk_fusion=False, routing_map_fusion=False, vocab_size=151936, position_embedding_type='rope', max_sequence_length=1024, tie_word_embeddings=True, layer_types=None, fp16_lm_cross_entropy=False, make_vocab_size_divisible_by=128, seq_len_interpolation_factor=None, seq_length=1024, scatter_embedding_sequence_parallel=True, tp_only_amax_red=False, tp_comm_overlap_cfg=None, generation_config=None, should_pad_vocab=False, mtp_enabled=False, restore_modelopt_state=False, max_position_embeddings=40960, hidden_dropout=0.0, layernorm_epsilon=1e-06, persist_layer_norm=True, vha_enable_premix=True, vha_enable_postmix=True, vha_postmix_rank=4, vha_premix_init_alpha=0.1, attn_type='gqa'), 'layer_number': 6, 'hidden_dropout_prob': 0.0}()
[2026-05-24 19:53:11,046] [    INFO] pp_layers.py:899 - 8: <class 'paddlefleet.transformer.transformer_layer.TransformerLayer'>{'config': QwenBaseProvider(tensor_model_parallel_size=1, parallel_output=True, pipeline_model_parallel_comm_backend=None, pipeline_model_parallel_size=1, virtual_pipeline_model_parallel_size=None, sequence_parallel=False, context_parallel_size=1, hierarchical_context_parallel_sizes=None, expert_model_parallel_size=1, expert_tensor_parallel_size=1, moe_extended_tp=False, perform_initialization=True, use_cpu_initialization=False, fp16=False, bf16=True, params_dtype=<DataType.BFLOAT16: 16>, timers=None, finalize_model_grads_func=None, grad_scale_func=None, no_sync_func=None, grad_sync_func=None, param_sync_func=None, deterministic_mode=False, enable_autocast=False, autocast_dtype=<DataType.BFLOAT16: 16>, num_microbatches_with_partial_activation_checkpoints=None, fa_version=2, gradient_accumulation_fusion=False, async_tensor_model_parallel_allreduce=False, use_te_rng_tracker=False, tp_comm_overlap=False, tp_comm_bulk_wgrad=True, tp_comm_bulk_dgrad=True, tp_comm_overlap_ag=True, tp_comm_overlap_rs=True, tp_comm_overlap_rs_dgrad=False, tp_comm_split_ag=True, tp_comm_atomic_ag=False, tp_comm_split_rs=True, tp_comm_atomic_rs=False, cross_entropy_loss_fusion=False, cross_entropy_fusion_impl='native', tp_comm_overlap_disable_qkv=False, tp_comm_overlap_disable_fc1=False, tp_comm_bootstrap_backend='nccl', variable_seq_lengths=False, overlap_p2p_comm=False, batch_p2p_comm=True, batch_p2p_sync=True, deallocate_pipeline_outputs=True, defer_embedding_wgrad_compute=False, wgrad_deferral_limit=0, pipeline_model_parallel_split_rank=None, overlap_p2p_comm_warmup_flush=False, microbatch_group_size_per_vp_stage=1, delay_wgrad_compute=False, cpu_offloading=False, cpu_offloading_num_layers=0, _cpu_offloading_context=None, cpu_offloading_activations=True, cpu_offloading_weights=True, barrier_with_L1_time=True, num_hidden_layers=28, num_nextn_predict_layers=0, train_mtp_only=False, mtp_distillation_loss=False, mtp_num_layers=0, mtp_loss_scaling_factor=0.3, add_mtp_loss=True, mtp_load_weight_only=False, use_dense_mtp=False, separate_mtp_headloss=False, experimental_dataflow=False, num_empty_layers_add_in_head=0, num_empty_layers_add_in_tail=0, pipeline_model_parallel_layout=None, account_for_embedding_in_pipeline_split=False, account_for_loss_in_pipeline_split=False, hidden_size=2048, num_attention_heads=16, softmax_scale=None, softmax_type='vanilla', num_key_value_heads=8, init_method=functools.partial(<function normal_ at 0x76652e9d6340>, mean=0.0, std=0.02), head_dim=128, hidden_dropout_prob=0.0, attention_dropout=0.0, _attn_implementation='default', flashmask_use_varlen=False, intermediate_size=6144, gated_linear_unit=True, hidden_act=<function silu at 0x76652ea2b4c0>, use_bias=False, attention_bias=False, output_layer_init_method=functools.partial(<function normal_ at 0x76652e9d6340>, mean=0.0, std=0.002672612419124244), rotary_interleaved=False, multi_latent_attention=False, heterogeneous_block_specs=False, sliding_window=None, window_attn_skip_freq=None, calculate_per_token_loss=False, fp32_residual_connection=False, rope_scaling=1.0, rope_theta=1000000, apply_residual_connection_post_layernorm=False, activation_func_clamp_value=None, glu_linear_offset=0.0, multimodal_embedding=False, gated_attention=False, block_attention_residuals=False, attn_res_block_size=1, apply_query_key_layer_scaling=False, attention_softmax_in_fp32=False, high_precision_rope=False, bias_activation_fusion=True, masked_softmax_fusion=False, normalization='RMSNorm', use_qk_norm=True, qk_norm_fusion=False, qk_norm_type='per_head', rms_norm_eps=1e-05, layernorm_zero_centered_gamma=False, bias_dropout_fusion=True, apply_rope_fusion=False, sigmoid_gate_fusion=False, recompute_granularity=None, recompute_method=None, recompute_num_layers=None, recompute_modules=None, n_routed_experts=None, n_shared_experts=None, num_experts_per_tok=2, scoring_func='softmax', moe_intermediate_size=None, topk_method='greedy', moe_token_dispatcher_type='deepep', moe_use_fusion_node=True, moe_router_load_balancing_type='aux_loss', moe_layer_freq=1, first_k_dense_replace=None, moe_expert_capacity_factor=None, moe_pad_expert_input_to_capacity=False, moe_token_drop_policy='probs', router_aux_loss_coef=0.01, norm_topk_prob=True, n_group=1, topk_group=1, routed_scaling_factor=1.0, routed_scaling_factor_learnable=False, moe_dequant_input=False, moe_expert_fusion=True, moe_subbatch_token_num_before_dispatch=None, moe_subbatch_token_num_after_dispatch=None, use_auto_subbatch=False, moe_subbatch_diag=False, moe_grouped_gemm=False, router_z_loss_coef=None, moe_router_force_load_balancing=False, moe_router_fusion=False, moe_shared_expert_gate=False, moe_shared_expert_overlap=False, moe_deep_gemm=False, moe_ep_barrier=True, use_latent_moe=False, moe_latent_size=None, cp_comm_type=None, fp8=None, fp8_recipe='blockwise', fp8_wgrad=True, embedding_init_method=functools.partial(<function normal_ at 0x76652e9d6340>, mean=0.0, std=0.02), embedding_init_method_std=0.02, init_method_std=0.02, init_model_with_meta_device=False, is_hybrid_model=False, clone_scatter_output_in_embedding=True, using_sonic_moe=False, q_lora_rank=512, kv_lora_rank=512, qk_nope_head_dim=64, qk_rope_head_dim=64, v_head_dim=128, rope_type='yarn', rotary_base=1000000.0, rotary_percent=1.0, rotary_scaling_factor=40, original_max_position_embeddings=4096, beta_fast=32, beta_slow=1, mscale=1.0, mscale_all_dim=0.0, loss_subbatch_sequence_length=1024, fused_linear_ce_loss_chunk=0, dsa_index_n_heads=None, dsa_index_head_dim=128, dsa_index_topk=2048, dsa_indexer_loss_coeff=0.01, dsa_indexer_use_sparse_loss=False, dsa_indexer_rotary_interleaved=False, gpt_model_use_experimental_version=False, moe_topk_fusion=False, routing_map_fusion=False, vocab_size=151936, position_embedding_type='rope', max_sequence_length=1024, tie_word_embeddings=True, layer_types=None, fp16_lm_cross_entropy=False, make_vocab_size_divisible_by=128, seq_len_interpolation_factor=None, seq_length=1024, scatter_embedding_sequence_parallel=True, tp_only_amax_red=False, tp_comm_overlap_cfg=None, generation_config=None, should_pad_vocab=False, mtp_enabled=False, restore_modelopt_state=False, max_position_embeddings=40960, hidden_dropout=0.0, layernorm_epsilon=1e-06, persist_layer_norm=True, vha_enable_premix=True, vha_enable_postmix=True, vha_postmix_rank=4, vha_premix_init_alpha=0.1, attn_type='gqa'), 'layer_number': 7, 'hidden_dropout_prob': 0.0}()
[2026-05-24 19:53:11,047] [    INFO] pp_layers.py:899 - 9: <class 'paddlefleet.transformer.transformer_layer.TransformerLayer'>{'config': QwenBaseProvider(tensor_model_parallel_size=1, parallel_output=True, pipeline_model_parallel_comm_backend=None, pipeline_model_parallel_size=1, virtual_pipeline_model_parallel_size=None, sequence_parallel=False, context_parallel_size=1, hierarchical_context_parallel_sizes=None, expert_model_parallel_size=1, expert_tensor_parallel_size=1, moe_extended_tp=False, perform_initialization=True, use_cpu_initialization=False, fp16=False, bf16=True, params_dtype=<DataType.BFLOAT16: 16>, timers=None, finalize_model_grads_func=None, grad_scale_func=None, no_sync_func=None, grad_sync_func=None, param_sync_func=None, deterministic_mode=False, enable_autocast=False, autocast_dtype=<DataType.BFLOAT16: 16>, num_microbatches_with_partial_activation_checkpoints=None, fa_version=2, gradient_accumulation_fusion=False, async_tensor_model_parallel_allreduce=False, use_te_rng_tracker=False, tp_comm_overlap=False, tp_comm_bulk_wgrad=True, tp_comm_bulk_dgrad=True, tp_comm_overlap_ag=True, tp_comm_overlap_rs=True, tp_comm_overlap_rs_dgrad=False, tp_comm_split_ag=True, tp_comm_atomic_ag=False, tp_comm_split_rs=True, tp_comm_atomic_rs=False, cross_entropy_loss_fusion=False, cross_entropy_fusion_impl='native', tp_comm_overlap_disable_qkv=False, tp_comm_overlap_disable_fc1=False, tp_comm_bootstrap_backend='nccl', variable_seq_lengths=False, overlap_p2p_comm=False, batch_p2p_comm=True, batch_p2p_sync=True, deallocate_pipeline_outputs=True, defer_embedding_wgrad_compute=False, wgrad_deferral_limit=0, pipeline_model_parallel_split_rank=None, overlap_p2p_comm_warmup_flush=False, microbatch_group_size_per_vp_stage=1, delay_wgrad_compute=False, cpu_offloading=False, cpu_offloading_num_layers=0, _cpu_offloading_context=None, cpu_offloading_activations=True, cpu_offloading_weights=True, barrier_with_L1_time=True, num_hidden_layers=28, num_nextn_predict_layers=0, train_mtp_only=False, mtp_distillation_loss=False, mtp_num_layers=0, mtp_loss_scaling_factor=0.3, add_mtp_loss=True, mtp_load_weight_only=False, use_dense_mtp=False, separate_mtp_headloss=False, experimental_dataflow=False, num_empty_layers_add_in_head=0, num_empty_layers_add_in_tail=0, pipeline_model_parallel_layout=None, account_for_embedding_in_pipeline_split=False, account_for_loss_in_pipeline_split=False, hidden_size=2048, num_attention_heads=16, softmax_scale=None, softmax_type='vanilla', num_key_value_heads=8, init_method=functools.partial(<function normal_ at 0x76652e9d6340>, mean=0.0, std=0.02), head_dim=128, hidden_dropout_prob=0.0, attention_dropout=0.0, _attn_implementation='default', flashmask_use_varlen=False, intermediate_size=6144, gated_linear_unit=True, hidden_act=<function silu at 0x76652ea2b4c0>, use_bias=False, attention_bias=False, output_layer_init_method=functools.partial(<function normal_ at 0x76652e9d6340>, mean=0.0, std=0.002672612419124244), rotary_interleaved=False, multi_latent_attention=False, heterogeneous_block_specs=False, sliding_window=None, window_attn_skip_freq=None, calculate_per_token_loss=False, fp32_residual_connection=False, rope_scaling=1.0, rope_theta=1000000, apply_residual_connection_post_layernorm=False, activation_func_clamp_value=None, glu_linear_offset=0.0, multimodal_embedding=False, gated_attention=False, block_attention_residuals=False, attn_res_block_size=1, apply_query_key_layer_scaling=False, attention_softmax_in_fp32=False, high_precision_rope=False, bias_activation_fusion=True, masked_softmax_fusion=False, normalization='RMSNorm', use_qk_norm=True, qk_norm_fusion=False, qk_norm_type='per_head', rms_norm_eps=1e-05, layernorm_zero_centered_gamma=False, bias_dropout_fusion=True, apply_rope_fusion=False, sigmoid_gate_fusion=False, recompute_granularity=None, recompute_method=None, recompute_num_layers=None, recompute_modules=None, n_routed_experts=None, n_shared_experts=None, num_experts_per_tok=2, scoring_func='softmax', moe_intermediate_size=None, topk_method='greedy', moe_token_dispatcher_type='deepep', moe_use_fusion_node=True, moe_router_load_balancing_type='aux_loss', moe_layer_freq=1, first_k_dense_replace=None, moe_expert_capacity_factor=None, moe_pad_expert_input_to_capacity=False, moe_token_drop_policy='probs', router_aux_loss_coef=0.01, norm_topk_prob=True, n_group=1, topk_group=1, routed_scaling_factor=1.0, routed_scaling_factor_learnable=False, moe_dequant_input=False, moe_expert_fusion=True, moe_subbatch_token_num_before_dispatch=None, moe_subbatch_token_num_after_dispatch=None, use_auto_subbatch=False, moe_subbatch_diag=False, moe_grouped_gemm=False, router_z_loss_coef=None, moe_router_force_load_balancing=False, moe_router_fusion=False, moe_shared_expert_gate=False, moe_shared_expert_overlap=False, moe_deep_gemm=False, moe_ep_barrier=True, use_latent_moe=False, moe_latent_size=None, cp_comm_type=None, fp8=None, fp8_recipe='blockwise', fp8_wgrad=True, embedding_init_method=functools.partial(<function normal_ at 0x76652e9d6340>, mean=0.0, std=0.02), embedding_init_method_std=0.02, init_method_std=0.02, init_model_with_meta_device=False, is_hybrid_model=False, clone_scatter_output_in_embedding=True, using_sonic_moe=False, q_lora_rank=512, kv_lora_rank=512, qk_nope_head_dim=64, qk_rope_head_dim=64, v_head_dim=128, rope_type='yarn', rotary_base=1000000.0, rotary_percent=1.0, rotary_scaling_factor=40, original_max_position_embeddings=4096, beta_fast=32, beta_slow=1, mscale=1.0, mscale_all_dim=0.0, loss_subbatch_sequence_length=1024, fused_linear_ce_loss_chunk=0, dsa_index_n_heads=None, dsa_index_head_dim=128, dsa_index_topk=2048, dsa_indexer_loss_coeff=0.01, dsa_indexer_use_sparse_loss=False, dsa_indexer_rotary_interleaved=False, gpt_model_use_experimental_version=False, moe_topk_fusion=False, routing_map_fusion=False, vocab_size=151936, position_embedding_type='rope', max_sequence_length=1024, tie_word_embeddings=True, layer_types=None, fp16_lm_cross_entropy=False, make_vocab_size_divisible_by=128, seq_len_interpolation_factor=None, seq_length=1024, scatter_embedding_sequence_parallel=True, tp_only_amax_red=False, tp_comm_overlap_cfg=None, generation_config=None, should_pad_vocab=False, mtp_enabled=False, restore_modelopt_state=False, max_position_embeddings=40960, hidden_dropout=0.0, layernorm_epsilon=1e-06, persist_layer_norm=True, vha_enable_premix=True, vha_enable_postmix=True, vha_postmix_rank=4, vha_premix_init_alpha=0.1, attn_type='gqa'), 'layer_number': 8, 'hidden_dropout_prob': 0.0}()
[2026-05-24 19:53:11,047] [    INFO] pp_layers.py:899 - 10: <class 'paddlefleet.transformer.transformer_layer.TransformerLayer'>{'config': QwenBaseProvider(tensor_model_parallel_size=1, parallel_output=True, pipeline_model_parallel_comm_backend=None, pipeline_model_parallel_size=1, virtual_pipeline_model_parallel_size=None, sequence_parallel=False, context_parallel_size=1, hierarchical_context_parallel_sizes=None, expert_model_parallel_size=1, expert_tensor_parallel_size=1, moe_extended_tp=False, perform_initialization=True, use_cpu_initialization=False, fp16=False, bf16=True, params_dtype=<DataType.BFLOAT16: 16>, timers=None, finalize_model_grads_func=None, grad_scale_func=None, no_sync_func=None, grad_sync_func=None, param_sync_func=None, deterministic_mode=False, enable_autocast=False, autocast_dtype=<DataType.BFLOAT16: 16>, num_microbatches_with_partial_activation_checkpoints=None, fa_version=2, gradient_accumulation_fusion=False, async_tensor_model_parallel_allreduce=False, use_te_rng_tracker=False, tp_comm_overlap=False, tp_comm_bulk_wgrad=True, tp_comm_bulk_dgrad=True, tp_comm_overlap_ag=True, tp_comm_overlap_rs=True, tp_comm_overlap_rs_dgrad=False, tp_comm_split_ag=True, tp_comm_atomic_ag=False, tp_comm_split_rs=True, tp_comm_atomic_rs=False, cross_entropy_loss_fusion=False, cross_entropy_fusion_impl='native', tp_comm_overlap_disable_qkv=False, tp_comm_overlap_disable_fc1=False, tp_comm_bootstrap_backend='nccl', variable_seq_lengths=False, overlap_p2p_comm=False, batch_p2p_comm=True, batch_p2p_sync=True, deallocate_pipeline_outputs=True, defer_embedding_wgrad_compute=False, wgrad_deferral_limit=0, pipeline_model_parallel_split_rank=None, overlap_p2p_comm_warmup_flush=False, microbatch_group_size_per_vp_stage=1, delay_wgrad_compute=False, cpu_offloading=False, cpu_offloading_num_layers=0, _cpu_offloading_context=None, cpu_offloading_activations=True, cpu_offloading_weights=True, barrier_with_L1_time=True, num_hidden_layers=28, num_nextn_predict_layers=0, train_mtp_only=False, mtp_distillation_loss=False, mtp_num_layers=0, mtp_loss_scaling_factor=0.3, add_mtp_loss=True, mtp_load_weight_only=False, use_dense_mtp=False, separate_mtp_headloss=False, experimental_dataflow=False, num_empty_layers_add_in_head=0, num_empty_layers_add_in_tail=0, pipeline_model_parallel_layout=None, account_for_embedding_in_pipeline_split=False, account_for_loss_in_pipeline_split=False, hidden_size=2048, num_attention_heads=16, softmax_scale=None, softmax_type='vanilla', num_key_value_heads=8, init_method=functools.partial(<function normal_ at 0x76652e9d6340>, mean=0.0, std=0.02), head_dim=128, hidden_dropout_prob=0.0, attention_dropout=0.0, _attn_implementation='default', flashmask_use_varlen=False, intermediate_size=6144, gated_linear_unit=True, hidden_act=<function silu at 0x76652ea2b4c0>, use_bias=False, attention_bias=False, output_layer_init_method=functools.partial(<function normal_ at 0x76652e9d6340>, mean=0.0, std=0.002672612419124244), rotary_interleaved=False, multi_latent_attention=False, heterogeneous_block_specs=False, sliding_window=None, window_attn_skip_freq=None, calculate_per_token_loss=False, fp32_residual_connection=False, rope_scaling=1.0, rope_theta=1000000, apply_residual_connection_post_layernorm=False, activation_func_clamp_value=None, glu_linear_offset=0.0, multimodal_embedding=False, gated_attention=False, block_attention_residuals=False, attn_res_block_size=1, apply_query_key_layer_scaling=False, attention_softmax_in_fp32=False, high_precision_rope=False, bias_activation_fusion=True, masked_softmax_fusion=False, normalization='RMSNorm', use_qk_norm=True, qk_norm_fusion=False, qk_norm_type='per_head', rms_norm_eps=1e-05, layernorm_zero_centered_gamma=False, bias_dropout_fusion=True, apply_rope_fusion=False, sigmoid_gate_fusion=False, recompute_granularity=None, recompute_method=None, recompute_num_layers=None, recompute_modules=None, n_routed_experts=None, n_shared_experts=None, num_experts_per_tok=2, scoring_func='softmax', moe_intermediate_size=None, topk_method='greedy', moe_token_dispatcher_type='deepep', moe_use_fusion_node=True, moe_router_load_balancing_type='aux_loss', moe_layer_freq=1, first_k_dense_replace=None, moe_expert_capacity_factor=None, moe_pad_expert_input_to_capacity=False, moe_token_drop_policy='probs', router_aux_loss_coef=0.01, norm_topk_prob=True, n_group=1, topk_group=1, routed_scaling_factor=1.0, routed_scaling_factor_learnable=False, moe_dequant_input=False, moe_expert_fusion=True, moe_subbatch_token_num_before_dispatch=None, moe_subbatch_token_num_after_dispatch=None, use_auto_subbatch=False, moe_subbatch_diag=False, moe_grouped_gemm=False, router_z_loss_coef=None, moe_router_force_load_balancing=False, moe_router_fusion=False, moe_shared_expert_gate=False, moe_shared_expert_overlap=False, moe_deep_gemm=False, moe_ep_barrier=True, use_latent_moe=False, moe_latent_size=None, cp_comm_type=None, fp8=None, fp8_recipe='blockwise', fp8_wgrad=True, embedding_init_method=functools.partial(<function normal_ at 0x76652e9d6340>, mean=0.0, std=0.02), embedding_init_method_std=0.02, init_method_std=0.02, init_model_with_meta_device=False, is_hybrid_model=False, clone_scatter_output_in_embedding=True, using_sonic_moe=False, q_lora_rank=512, kv_lora_rank=512, qk_nope_head_dim=64, qk_rope_head_dim=64, v_head_dim=128, rope_type='yarn', rotary_base=1000000.0, rotary_percent=1.0, rotary_scaling_factor=40, original_max_position_embeddings=4096, beta_fast=32, beta_slow=1, mscale=1.0, mscale_all_dim=0.0, loss_subbatch_sequence_length=1024, fused_linear_ce_loss_chunk=0, dsa_index_n_heads=None, dsa_index_head_dim=128, dsa_index_topk=2048, dsa_indexer_loss_coeff=0.01, dsa_indexer_use_sparse_loss=False, dsa_indexer_rotary_interleaved=False, gpt_model_use_experimental_version=False, moe_topk_fusion=False, routing_map_fusion=False, vocab_size=151936, position_embedding_type='rope', max_sequence_length=1024, tie_word_embeddings=True, layer_types=None, fp16_lm_cross_entropy=False, make_vocab_size_divisible_by=128, seq_len_interpolation_factor=None, seq_length=1024, scatter_embedding_sequence_parallel=True, tp_only_amax_red=False, tp_comm_overlap_cfg=None, generation_config=None, should_pad_vocab=False, mtp_enabled=False, restore_modelopt_state=False, max_position_embeddings=40960, hidden_dropout=0.0, layernorm_epsilon=1e-06, persist_layer_norm=True, vha_enable_premix=True, vha_enable_postmix=True, vha_postmix_rank=4, vha_premix_init_alpha=0.1, attn_type='gqa'), 'layer_number': 9, 'hidden_dropout_prob': 0.0}()
[2026-05-24 19:53:11,047] [    INFO] pp_layers.py:899 - 11: <class 'paddlefleet.transformer.transformer_layer.TransformerLayer'>{'config': QwenBaseProvider(tensor_model_parallel_size=1, parallel_output=True, pipeline_model_parallel_comm_backend=None, pipeline_model_parallel_size=1, virtual_pipeline_model_parallel_size=None, sequence_parallel=False, context_parallel_size=1, hierarchical_context_parallel_sizes=None, expert_model_parallel_size=1, expert_tensor_parallel_size=1, moe_extended_tp=False, perform_initialization=True, use_cpu_initialization=False, fp16=False, bf16=True, params_dtype=<DataType.BFLOAT16: 16>, timers=None, finalize_model_grads_func=None, grad_scale_func=None, no_sync_func=None, grad_sync_func=None, param_sync_func=None, deterministic_mode=False, enable_autocast=False, autocast_dtype=<DataType.BFLOAT16: 16>, num_microbatches_with_partial_activation_checkpoints=None, fa_version=2, gradient_accumulation_fusion=False, async_tensor_model_parallel_allreduce=False, use_te_rng_tracker=False, tp_comm_overlap=False, tp_comm_bulk_wgrad=True, tp_comm_bulk_dgrad=True, tp_comm_overlap_ag=True, tp_comm_overlap_rs=True, tp_comm_overlap_rs_dgrad=False, tp_comm_split_ag=True, tp_comm_atomic_ag=False, tp_comm_split_rs=True, tp_comm_atomic_rs=False, cross_entropy_loss_fusion=False, cross_entropy_fusion_impl='native', tp_comm_overlap_disable_qkv=False, tp_comm_overlap_disable_fc1=False, tp_comm_bootstrap_backend='nccl', variable_seq_lengths=False, overlap_p2p_comm=False, batch_p2p_comm=True, batch_p2p_sync=True, deallocate_pipeline_outputs=True, defer_embedding_wgrad_compute=False, wgrad_deferral_limit=0, pipeline_model_parallel_split_rank=None, overlap_p2p_comm_warmup_flush=False, microbatch_group_size_per_vp_stage=1, delay_wgrad_compute=False, cpu_offloading=False, cpu_offloading_num_layers=0, _cpu_offloading_context=None, cpu_offloading_activations=True, cpu_offloading_weights=True, barrier_with_L1_time=True, num_hidden_layers=28, num_nextn_predict_layers=0, train_mtp_only=False, mtp_distillation_loss=False, mtp_num_layers=0, mtp_loss_scaling_factor=0.3, add_mtp_loss=True, mtp_load_weight_only=False, use_dense_mtp=False, separate_mtp_headloss=False, experimental_dataflow=False, num_empty_layers_add_in_head=0, num_empty_layers_add_in_tail=0, pipeline_model_parallel_layout=None, account_for_embedding_in_pipeline_split=False, account_for_loss_in_pipeline_split=False, hidden_size=2048, num_attention_heads=16, softmax_scale=None, softmax_type='vanilla', num_key_value_heads=8, init_method=functools.partial(<function normal_ at 0x76652e9d6340>, mean=0.0, std=0.02), head_dim=128, hidden_dropout_prob=0.0, attention_dropout=0.0, _attn_implementation='default', flashmask_use_varlen=False, intermediate_size=6144, gated_linear_unit=True, hidden_act=<function silu at 0x76652ea2b4c0>, use_bias=False, attention_bias=False, output_layer_init_method=functools.partial(<function normal_ at 0x76652e9d6340>, mean=0.0, std=0.002672612419124244), rotary_interleaved=False, multi_latent_attention=False, heterogeneous_block_specs=False, sliding_window=None, window_attn_skip_freq=None, calculate_per_token_loss=False, fp32_residual_connection=False, rope_scaling=1.0, rope_theta=1000000, apply_residual_connection_post_layernorm=False, activation_func_clamp_value=None, glu_linear_offset=0.0, multimodal_embedding=False, gated_attention=False, block_attention_residuals=False, attn_res_block_size=1, apply_query_key_layer_scaling=False, attention_softmax_in_fp32=False, high_precision_rope=False, bias_activation_fusion=True, masked_softmax_fusion=False, normalization='RMSNorm', use_qk_norm=True, qk_norm_fusion=False, qk_norm_type='per_head', rms_norm_eps=1e-05, layernorm_zero_centered_gamma=False, bias_dropout_fusion=True, apply_rope_fusion=False, sigmoid_gate_fusion=False, recompute_granularity=None, recompute_method=None, recompute_num_layers=None, recompute_modules=None, n_routed_experts=None, n_shared_experts=None, num_experts_per_tok=2, scoring_func='softmax', moe_intermediate_size=None, topk_method='greedy', moe_token_dispatcher_type='deepep', moe_use_fusion_node=True, moe_router_load_balancing_type='aux_loss', moe_layer_freq=1, first_k_dense_replace=None, moe_expert_capacity_factor=None, moe_pad_expert_input_to_capacity=False, moe_token_drop_policy='probs', router_aux_loss_coef=0.01, norm_topk_prob=True, n_group=1, topk_group=1, routed_scaling_factor=1.0, routed_scaling_factor_learnable=False, moe_dequant_input=False, moe_expert_fusion=True, moe_subbatch_token_num_before_dispatch=None, moe_subbatch_token_num_after_dispatch=None, use_auto_subbatch=False, moe_subbatch_diag=False, moe_grouped_gemm=False, router_z_loss_coef=None, moe_router_force_load_balancing=False, moe_router_fusion=False, moe_shared_expert_gate=False, moe_shared_expert_overlap=False, moe_deep_gemm=False, moe_ep_barrier=True, use_latent_moe=False, moe_latent_size=None, cp_comm_type=None, fp8=None, fp8_recipe='blockwise', fp8_wgrad=True, embedding_init_method=functools.partial(<function normal_ at 0x76652e9d6340>, mean=0.0, std=0.02), embedding_init_method_std=0.02, init_method_std=0.02, init_model_with_meta_device=False, is_hybrid_model=False, clone_scatter_output_in_embedding=True, using_sonic_moe=False, q_lora_rank=512, kv_lora_rank=512, qk_nope_head_dim=64, qk_rope_head_dim=64, v_head_dim=128, rope_type='yarn', rotary_base=1000000.0, rotary_percent=1.0, rotary_scaling_factor=40, original_max_position_embeddings=4096, beta_fast=32, beta_slow=1, mscale=1.0, mscale_all_dim=0.0, loss_subbatch_sequence_length=1024, fused_linear_ce_loss_chunk=0, dsa_index_n_heads=None, dsa_index_head_dim=128, dsa_index_topk=2048, dsa_indexer_loss_coeff=0.01, dsa_indexer_use_sparse_loss=False, dsa_indexer_rotary_interleaved=False, gpt_model_use_experimental_version=False, moe_topk_fusion=False, routing_map_fusion=False, vocab_size=151936, position_embedding_type='rope', max_sequence_length=1024, tie_word_embeddings=True, layer_types=None, fp16_lm_cross_entropy=False, make_vocab_size_divisible_by=128, seq_len_interpolation_factor=None, seq_length=1024, scatter_embedding_sequence_parallel=True, tp_only_amax_red=False, tp_comm_overlap_cfg=None, generation_config=None, should_pad_vocab=False, mtp_enabled=False, restore_modelopt_state=False, max_position_embeddings=40960, hidden_dropout=0.0, layernorm_epsilon=1e-06, persist_layer_norm=True, vha_enable_premix=True, vha_enable_postmix=True, vha_postmix_rank=4, vha_premix_init_alpha=0.1, attn_type='gqa'), 'layer_number': 10, 'hidden_dropout_prob': 0.0}()
[2026-05-24 19:53:11,047] [    INFO] pp_layers.py:899 - 12: <class 'paddlefleet.transformer.transformer_layer.TransformerLayer'>{'config': QwenBaseProvider(tensor_model_parallel_size=1, parallel_output=True, pipeline_model_parallel_comm_backend=None, pipeline_model_parallel_size=1, virtual_pipeline_model_parallel_size=None, sequence_parallel=False, context_parallel_size=1, hierarchical_context_parallel_sizes=None, expert_model_parallel_size=1, expert_tensor_parallel_size=1, moe_extended_tp=False, perform_initialization=True, use_cpu_initialization=False, fp16=False, bf16=True, params_dtype=<DataType.BFLOAT16: 16>, timers=None, finalize_model_grads_func=None, grad_scale_func=None, no_sync_func=None, grad_sync_func=None, param_sync_func=None, deterministic_mode=False, enable_autocast=False, autocast_dtype=<DataType.BFLOAT16: 16>, num_microbatches_with_partial_activation_checkpoints=None, fa_version=2, gradient_accumulation_fusion=False, async_tensor_model_parallel_allreduce=False, use_te_rng_tracker=False, tp_comm_overlap=False, tp_comm_bulk_wgrad=True, tp_comm_bulk_dgrad=True, tp_comm_overlap_ag=True, tp_comm_overlap_rs=True, tp_comm_overlap_rs_dgrad=False, tp_comm_split_ag=True, tp_comm_atomic_ag=False, tp_comm_split_rs=True, tp_comm_atomic_rs=False, cross_entropy_loss_fusion=False, cross_entropy_fusion_impl='native', tp_comm_overlap_disable_qkv=False, tp_comm_overlap_disable_fc1=False, tp_comm_bootstrap_backend='nccl', variable_seq_lengths=False, overlap_p2p_comm=False, batch_p2p_comm=True, batch_p2p_sync=True, deallocate_pipeline_outputs=True, defer_embedding_wgrad_compute=False, wgrad_deferral_limit=0, pipeline_model_parallel_split_rank=None, overlap_p2p_comm_warmup_flush=False, microbatch_group_size_per_vp_stage=1, delay_wgrad_compute=False, cpu_offloading=False, cpu_offloading_num_layers=0, _cpu_offloading_context=None, cpu_offloading_activations=True, cpu_offloading_weights=True, barrier_with_L1_time=True, num_hidden_layers=28, num_nextn_predict_layers=0, train_mtp_only=False, mtp_distillation_loss=False, mtp_num_layers=0, mtp_loss_scaling_factor=0.3, add_mtp_loss=True, mtp_load_weight_only=False, use_dense_mtp=False, separate_mtp_headloss=False, experimental_dataflow=False, num_empty_layers_add_in_head=0, num_empty_layers_add_in_tail=0, pipeline_model_parallel_layout=None, account_for_embedding_in_pipeline_split=False, account_for_loss_in_pipeline_split=False, hidden_size=2048, num_attention_heads=16, softmax_scale=None, softmax_type='vanilla', num_key_value_heads=8, init_method=functools.partial(<function normal_ at 0x76652e9d6340>, mean=0.0, std=0.02), head_dim=128, hidden_dropout_prob=0.0, attention_dropout=0.0, _attn_implementation='default', flashmask_use_varlen=False, intermediate_size=6144, gated_linear_unit=True, hidden_act=<function silu at 0x76652ea2b4c0>, use_bias=False, attention_bias=False, output_layer_init_method=functools.partial(<function normal_ at 0x76652e9d6340>, mean=0.0, std=0.002672612419124244), rotary_interleaved=False, multi_latent_attention=False, heterogeneous_block_specs=False, sliding_window=None, window_attn_skip_freq=None, calculate_per_token_loss=False, fp32_residual_connection=False, rope_scaling=1.0, rope_theta=1000000, apply_residual_connection_post_layernorm=False, activation_func_clamp_value=None, glu_linear_offset=0.0, multimodal_embedding=False, gated_attention=False, block_attention_residuals=False, attn_res_block_size=1, apply_query_key_layer_scaling=False, attention_softmax_in_fp32=False, high_precision_rope=False, bias_activation_fusion=True, masked_softmax_fusion=False, normalization='RMSNorm', use_qk_norm=True, qk_norm_fusion=False, qk_norm_type='per_head', rms_norm_eps=1e-05, layernorm_zero_centered_gamma=False, bias_dropout_fusion=True, apply_rope_fusion=False, sigmoid_gate_fusion=False, recompute_granularity=None, recompute_method=None, recompute_num_layers=None, recompute_modules=None, n_routed_experts=None, n_shared_experts=None, num_experts_per_tok=2, scoring_func='softmax', moe_intermediate_size=None, topk_method='greedy', moe_token_dispatcher_type='deepep', moe_use_fusion_node=True, moe_router_load_balancing_type='aux_loss', moe_layer_freq=1, first_k_dense_replace=None, moe_expert_capacity_factor=None, moe_pad_expert_input_to_capacity=False, moe_token_drop_policy='probs', router_aux_loss_coef=0.01, norm_topk_prob=True, n_group=1, topk_group=1, routed_scaling_factor=1.0, routed_scaling_factor_learnable=False, moe_dequant_input=False, moe_expert_fusion=True, moe_subbatch_token_num_before_dispatch=None, moe_subbatch_token_num_after_dispatch=None, use_auto_subbatch=False, moe_subbatch_diag=False, moe_grouped_gemm=False, router_z_loss_coef=None, moe_router_force_load_balancing=False, moe_router_fusion=False, moe_shared_expert_gate=False, moe_shared_expert_overlap=False, moe_deep_gemm=False, moe_ep_barrier=True, use_latent_moe=False, moe_latent_size=None, cp_comm_type=None, fp8=None, fp8_recipe='blockwise', fp8_wgrad=True, embedding_init_method=functools.partial(<function normal_ at 0x76652e9d6340>, mean=0.0, std=0.02), embedding_init_method_std=0.02, init_method_std=0.02, init_model_with_meta_device=False, is_hybrid_model=False, clone_scatter_output_in_embedding=True, using_sonic_moe=False, q_lora_rank=512, kv_lora_rank=512, qk_nope_head_dim=64, qk_rope_head_dim=64, v_head_dim=128, rope_type='yarn', rotary_base=1000000.0, rotary_percent=1.0, rotary_scaling_factor=40, original_max_position_embeddings=4096, beta_fast=32, beta_slow=1, mscale=1.0, mscale_all_dim=0.0, loss_subbatch_sequence_length=1024, fused_linear_ce_loss_chunk=0, dsa_index_n_heads=None, dsa_index_head_dim=128, dsa_index_topk=2048, dsa_indexer_loss_coeff=0.01, dsa_indexer_use_sparse_loss=False, dsa_indexer_rotary_interleaved=False, gpt_model_use_experimental_version=False, moe_topk_fusion=False, routing_map_fusion=False, vocab_size=151936, position_embedding_type='rope', max_sequence_length=1024, tie_word_embeddings=True, layer_types=None, fp16_lm_cross_entropy=False, make_vocab_size_divisible_by=128, seq_len_interpolation_factor=None, seq_length=1024, scatter_embedding_sequence_parallel=True, tp_only_amax_red=False, tp_comm_overlap_cfg=None, generation_config=None, should_pad_vocab=False, mtp_enabled=False, restore_modelopt_state=False, max_position_embeddings=40960, hidden_dropout=0.0, layernorm_epsilon=1e-06, persist_layer_norm=True, vha_enable_premix=True, vha_enable_postmix=True, vha_postmix_rank=4, vha_premix_init_alpha=0.1, attn_type='gqa'), 'layer_number': 11, 'hidden_dropout_prob': 0.0}()
[2026-05-24 19:53:11,047] [    INFO] pp_layers.py:899 - 13: <class 'paddlefleet.transformer.transformer_layer.TransformerLayer'>{'config': QwenBaseProvider(tensor_model_parallel_size=1, parallel_output=True, pipeline_model_parallel_comm_backend=None, pipeline_model_parallel_size=1, virtual_pipeline_model_parallel_size=None, sequence_parallel=False, context_parallel_size=1, hierarchical_context_parallel_sizes=None, expert_model_parallel_size=1, expert_tensor_parallel_size=1, moe_extended_tp=False, perform_initialization=True, use_cpu_initialization=False, fp16=False, bf16=True, params_dtype=<DataType.BFLOAT16: 16>, timers=None, finalize_model_grads_func=None, grad_scale_func=None, no_sync_func=None, grad_sync_func=None, param_sync_func=None, deterministic_mode=False, enable_autocast=False, autocast_dtype=<DataType.BFLOAT16: 16>, num_microbatches_with_partial_activation_checkpoints=None, fa_version=2, gradient_accumulation_fusion=False, async_tensor_model_parallel_allreduce=False, use_te_rng_tracker=False, tp_comm_overlap=False, tp_comm_bulk_wgrad=True, tp_comm_bulk_dgrad=True, tp_comm_overlap_ag=True, tp_comm_overlap_rs=True, tp_comm_overlap_rs_dgrad=False, tp_comm_split_ag=True, tp_comm_atomic_ag=False, tp_comm_split_rs=True, tp_comm_atomic_rs=False, cross_entropy_loss_fusion=False, cross_entropy_fusion_impl='native', tp_comm_overlap_disable_qkv=False, tp_comm_overlap_disable_fc1=False, tp_comm_bootstrap_backend='nccl', variable_seq_lengths=False, overlap_p2p_comm=False, batch_p2p_comm=True, batch_p2p_sync=True, deallocate_pipeline_outputs=True, defer_embedding_wgrad_compute=False, wgrad_deferral_limit=0, pipeline_model_parallel_split_rank=None, overlap_p2p_comm_warmup_flush=False, microbatch_group_size_per_vp_stage=1, delay_wgrad_compute=False, cpu_offloading=False, cpu_offloading_num_layers=0, _cpu_offloading_context=None, cpu_offloading_activations=True, cpu_offloading_weights=True, barrier_with_L1_time=True, num_hidden_layers=28, num_nextn_predict_layers=0, train_mtp_only=False, mtp_distillation_loss=False, mtp_num_layers=0, mtp_loss_scaling_factor=0.3, add_mtp_loss=True, mtp_load_weight_only=False, use_dense_mtp=False, separate_mtp_headloss=False, experimental_dataflow=False, num_empty_layers_add_in_head=0, num_empty_layers_add_in_tail=0, pipeline_model_parallel_layout=None, account_for_embedding_in_pipeline_split=False, account_for_loss_in_pipeline_split=False, hidden_size=2048, num_attention_heads=16, softmax_scale=None, softmax_type='vanilla', num_key_value_heads=8, init_method=functools.partial(<function normal_ at 0x76652e9d6340>, mean=0.0, std=0.02), head_dim=128, hidden_dropout_prob=0.0, attention_dropout=0.0, _attn_implementation='default', flashmask_use_varlen=False, intermediate_size=6144, gated_linear_unit=True, hidden_act=<function silu at 0x76652ea2b4c0>, use_bias=False, attention_bias=False, output_layer_init_method=functools.partial(<function normal_ at 0x76652e9d6340>, mean=0.0, std=0.002672612419124244), rotary_interleaved=False, multi_latent_attention=False, heterogeneous_block_specs=False, sliding_window=None, window_attn_skip_freq=None, calculate_per_token_loss=False, fp32_residual_connection=False, rope_scaling=1.0, rope_theta=1000000, apply_residual_connection_post_layernorm=False, activation_func_clamp_value=None, glu_linear_offset=0.0, multimodal_embedding=False, gated_attention=False, block_attention_residuals=False, attn_res_block_size=1, apply_query_key_layer_scaling=False, attention_softmax_in_fp32=False, high_precision_rope=False, bias_activation_fusion=True, masked_softmax_fusion=False, normalization='RMSNorm', use_qk_norm=True, qk_norm_fusion=False, qk_norm_type='per_head', rms_norm_eps=1e-05, layernorm_zero_centered_gamma=False, bias_dropout_fusion=True, apply_rope_fusion=False, sigmoid_gate_fusion=False, recompute_granularity=None, recompute_method=None, recompute_num_layers=None, recompute_modules=None, n_routed_experts=None, n_shared_experts=None, num_experts_per_tok=2, scoring_func='softmax', moe_intermediate_size=None, topk_method='greedy', moe_token_dispatcher_type='deepep', moe_use_fusion_node=True, moe_router_load_balancing_type='aux_loss', moe_layer_freq=1, first_k_dense_replace=None, moe_expert_capacity_factor=None, moe_pad_expert_input_to_capacity=False, moe_token_drop_policy='probs', router_aux_loss_coef=0.01, norm_topk_prob=True, n_group=1, topk_group=1, routed_scaling_factor=1.0, routed_scaling_factor_learnable=False, moe_dequant_input=False, moe_expert_fusion=True, moe_subbatch_token_num_before_dispatch=None, moe_subbatch_token_num_after_dispatch=None, use_auto_subbatch=False, moe_subbatch_diag=False, moe_grouped_gemm=False, router_z_loss_coef=None, moe_router_force_load_balancing=False, moe_router_fusion=False, moe_shared_expert_gate=False, moe_shared_expert_overlap=False, moe_deep_gemm=False, moe_ep_barrier=True, use_latent_moe=False, moe_latent_size=None, cp_comm_type=None, fp8=None, fp8_recipe='blockwise', fp8_wgrad=True, embedding_init_method=functools.partial(<function normal_ at 0x76652e9d6340>, mean=0.0, std=0.02), embedding_init_method_std=0.02, init_method_std=0.02, init_model_with_meta_device=False, is_hybrid_model=False, clone_scatter_output_in_embedding=True, using_sonic_moe=False, q_lora_rank=512, kv_lora_rank=512, qk_nope_head_dim=64, qk_rope_head_dim=64, v_head_dim=128, rope_type='yarn', rotary_base=1000000.0, rotary_percent=1.0, rotary_scaling_factor=40, original_max_position_embeddings=4096, beta_fast=32, beta_slow=1, mscale=1.0, mscale_all_dim=0.0, loss_subbatch_sequence_length=1024, fused_linear_ce_loss_chunk=0, dsa_index_n_heads=None, dsa_index_head_dim=128, dsa_index_topk=2048, dsa_indexer_loss_coeff=0.01, dsa_indexer_use_sparse_loss=False, dsa_indexer_rotary_interleaved=False, gpt_model_use_experimental_version=False, moe_topk_fusion=False, routing_map_fusion=False, vocab_size=151936, position_embedding_type='rope', max_sequence_length=1024, tie_word_embeddings=True, layer_types=None, fp16_lm_cross_entropy=False, make_vocab_size_divisible_by=128, seq_len_interpolation_factor=None, seq_length=1024, scatter_embedding_sequence_parallel=True, tp_only_amax_red=False, tp_comm_overlap_cfg=None, generation_config=None, should_pad_vocab=False, mtp_enabled=False, restore_modelopt_state=False, max_position_embeddings=40960, hidden_dropout=0.0, layernorm_epsilon=1e-06, persist_layer_norm=True, vha_enable_premix=True, vha_enable_postmix=True, vha_postmix_rank=4, vha_premix_init_alpha=0.1, attn_type='gqa'), 'layer_number': 12, 'hidden_dropout_prob': 0.0}()
[2026-05-24 19:53:11,047] [    INFO] pp_layers.py:899 - 14: <class 'paddlefleet.transformer.transformer_layer.TransformerLayer'>{'config': QwenBaseProvider(tensor_model_parallel_size=1, parallel_output=True, pipeline_model_parallel_comm_backend=None, pipeline_model_parallel_size=1, virtual_pipeline_model_parallel_size=None, sequence_parallel=False, context_parallel_size=1, hierarchical_context_parallel_sizes=None, expert_model_parallel_size=1, expert_tensor_parallel_size=1, moe_extended_tp=False, perform_initialization=True, use_cpu_initialization=False, fp16=False, bf16=True, params_dtype=<DataType.BFLOAT16: 16>, timers=None, finalize_model_grads_func=None, grad_scale_func=None, no_sync_func=None, grad_sync_func=None, param_sync_func=None, deterministic_mode=False, enable_autocast=False, autocast_dtype=<DataType.BFLOAT16: 16>, num_microbatches_with_partial_activation_checkpoints=None, fa_version=2, gradient_accumulation_fusion=False, async_tensor_model_parallel_allreduce=False, use_te_rng_tracker=False, tp_comm_overlap=False, tp_comm_bulk_wgrad=True, tp_comm_bulk_dgrad=True, tp_comm_overlap_ag=True, tp_comm_overlap_rs=True, tp_comm_overlap_rs_dgrad=False, tp_comm_split_ag=True, tp_comm_atomic_ag=False, tp_comm_split_rs=True, tp_comm_atomic_rs=False, cross_entropy_loss_fusion=False, cross_entropy_fusion_impl='native', tp_comm_overlap_disable_qkv=False, tp_comm_overlap_disable_fc1=False, tp_comm_bootstrap_backend='nccl', variable_seq_lengths=False, overlap_p2p_comm=False, batch_p2p_comm=True, batch_p2p_sync=True, deallocate_pipeline_outputs=True, defer_embedding_wgrad_compute=False, wgrad_deferral_limit=0, pipeline_model_parallel_split_rank=None, overlap_p2p_comm_warmup_flush=False, microbatch_group_size_per_vp_stage=1, delay_wgrad_compute=False, cpu_offloading=False, cpu_offloading_num_layers=0, _cpu_offloading_context=None, cpu_offloading_activations=True, cpu_offloading_weights=True, barrier_with_L1_time=True, num_hidden_layers=28, num_nextn_predict_layers=0, train_mtp_only=False, mtp_distillation_loss=False, mtp_num_layers=0, mtp_loss_scaling_factor=0.3, add_mtp_loss=True, mtp_load_weight_only=False, use_dense_mtp=False, separate_mtp_headloss=False, experimental_dataflow=False, num_empty_layers_add_in_head=0, num_empty_layers_add_in_tail=0, pipeline_model_parallel_layout=None, account_for_embedding_in_pipeline_split=False, account_for_loss_in_pipeline_split=False, hidden_size=2048, num_attention_heads=16, softmax_scale=None, softmax_type='vanilla', num_key_value_heads=8, init_method=functools.partial(<function normal_ at 0x76652e9d6340>, mean=0.0, std=0.02), head_dim=128, hidden_dropout_prob=0.0, attention_dropout=0.0, _attn_implementation='default', flashmask_use_varlen=False, intermediate_size=6144, gated_linear_unit=True, hidden_act=<function silu at 0x76652ea2b4c0>, use_bias=False, attention_bias=False, output_layer_init_method=functools.partial(<function normal_ at 0x76652e9d6340>, mean=0.0, std=0.002672612419124244), rotary_interleaved=False, multi_latent_attention=False, heterogeneous_block_specs=False, sliding_window=None, window_attn_skip_freq=None, calculate_per_token_loss=False, fp32_residual_connection=False, rope_scaling=1.0, rope_theta=1000000, apply_residual_connection_post_layernorm=False, activation_func_clamp_value=None, glu_linear_offset=0.0, multimodal_embedding=False, gated_attention=False, block_attention_residuals=False, attn_res_block_size=1, apply_query_key_layer_scaling=False, attention_softmax_in_fp32=False, high_precision_rope=False, bias_activation_fusion=True, masked_softmax_fusion=False, normalization='RMSNorm', use_qk_norm=True, qk_norm_fusion=False, qk_norm_type='per_head', rms_norm_eps=1e-05, layernorm_zero_centered_gamma=False, bias_dropout_fusion=True, apply_rope_fusion=False, sigmoid_gate_fusion=False, recompute_granularity=None, recompute_method=None, recompute_num_layers=None, recompute_modules=None, n_routed_experts=None, n_shared_experts=None, num_experts_per_tok=2, scoring_func='softmax', moe_intermediate_size=None, topk_method='greedy', moe_token_dispatcher_type='deepep', moe_use_fusion_node=True, moe_router_load_balancing_type='aux_loss', moe_layer_freq=1, first_k_dense_replace=None, moe_expert_capacity_factor=None, moe_pad_expert_input_to_capacity=False, moe_token_drop_policy='probs', router_aux_loss_coef=0.01, norm_topk_prob=True, n_group=1, topk_group=1, routed_scaling_factor=1.0, routed_scaling_factor_learnable=False, moe_dequant_input=False, moe_expert_fusion=True, moe_subbatch_token_num_before_dispatch=None, moe_subbatch_token_num_after_dispatch=None, use_auto_subbatch=False, moe_subbatch_diag=False, moe_grouped_gemm=False, router_z_loss_coef=None, moe_router_force_load_balancing=False, moe_router_fusion=False, moe_shared_expert_gate=False, moe_shared_expert_overlap=False, moe_deep_gemm=False, moe_ep_barrier=True, use_latent_moe=False, moe_latent_size=None, cp_comm_type=None, fp8=None, fp8_recipe='blockwise', fp8_wgrad=True, embedding_init_method=functools.partial(<function normal_ at 0x76652e9d6340>, mean=0.0, std=0.02), embedding_init_method_std=0.02, init_method_std=0.02, init_model_with_meta_device=False, is_hybrid_model=False, clone_scatter_output_in_embedding=True, using_sonic_moe=False, q_lora_rank=512, kv_lora_rank=512, qk_nope_head_dim=64, qk_rope_head_dim=64, v_head_dim=128, rope_type='yarn', rotary_base=1000000.0, rotary_percent=1.0, rotary_scaling_factor=40, original_max_position_embeddings=4096, beta_fast=32, beta_slow=1, mscale=1.0, mscale_all_dim=0.0, loss_subbatch_sequence_length=1024, fused_linear_ce_loss_chunk=0, dsa_index_n_heads=None, dsa_index_head_dim=128, dsa_index_topk=2048, dsa_indexer_loss_coeff=0.01, dsa_indexer_use_sparse_loss=False, dsa_indexer_rotary_interleaved=False, gpt_model_use_experimental_version=False, moe_topk_fusion=False, routing_map_fusion=False, vocab_size=151936, position_embedding_type='rope', max_sequence_length=1024, tie_word_embeddings=True, layer_types=None, fp16_lm_cross_entropy=False, make_vocab_size_divisible_by=128, seq_len_interpolation_factor=None, seq_length=1024, scatter_embedding_sequence_parallel=True, tp_only_amax_red=False, tp_comm_overlap_cfg=None, generation_config=None, should_pad_vocab=False, mtp_enabled=False, restore_modelopt_state=False, max_position_embeddings=40960, hidden_dropout=0.0, layernorm_epsilon=1e-06, persist_layer_norm=True, vha_enable_premix=True, vha_enable_postmix=True, vha_postmix_rank=4, vha_premix_init_alpha=0.1, attn_type='gqa'), 'layer_number': 13, 'hidden_dropout_prob': 0.0}()
[2026-05-24 19:53:11,047] [    INFO] pp_layers.py:899 - 15: <class 'paddlefleet.transformer.transformer_layer.TransformerLayer'>{'config': QwenBaseProvider(tensor_model_parallel_size=1, parallel_output=True, pipeline_model_parallel_comm_backend=None, pipeline_model_parallel_size=1, virtual_pipeline_model_parallel_size=None, sequence_parallel=False, context_parallel_size=1, hierarchical_context_parallel_sizes=None, expert_model_parallel_size=1, expert_tensor_parallel_size=1, moe_extended_tp=False, perform_initialization=True, use_cpu_initialization=False, fp16=False, bf16=True, params_dtype=<DataType.BFLOAT16: 16>, timers=None, finalize_model_grads_func=None, grad_scale_func=None, no_sync_func=None, grad_sync_func=None, param_sync_func=None, deterministic_mode=False, enable_autocast=False, autocast_dtype=<DataType.BFLOAT16: 16>, num_microbatches_with_partial_activation_checkpoints=None, fa_version=2, gradient_accumulation_fusion=False, async_tensor_model_parallel_allreduce=False, use_te_rng_tracker=False, tp_comm_overlap=False, tp_comm_bulk_wgrad=True, tp_comm_bulk_dgrad=True, tp_comm_overlap_ag=True, tp_comm_overlap_rs=True, tp_comm_overlap_rs_dgrad=False, tp_comm_split_ag=True, tp_comm_atomic_ag=False, tp_comm_split_rs=True, tp_comm_atomic_rs=False, cross_entropy_loss_fusion=False, cross_entropy_fusion_impl='native', tp_comm_overlap_disable_qkv=False, tp_comm_overlap_disable_fc1=False, tp_comm_bootstrap_backend='nccl', variable_seq_lengths=False, overlap_p2p_comm=False, batch_p2p_comm=True, batch_p2p_sync=True, deallocate_pipeline_outputs=True, defer_embedding_wgrad_compute=False, wgrad_deferral_limit=0, pipeline_model_parallel_split_rank=None, overlap_p2p_comm_warmup_flush=False, microbatch_group_size_per_vp_stage=1, delay_wgrad_compute=False, cpu_offloading=False, cpu_offloading_num_layers=0, _cpu_offloading_context=None, cpu_offloading_activations=True, cpu_offloading_weights=True, barrier_with_L1_time=True, num_hidden_layers=28, num_nextn_predict_layers=0, train_mtp_only=False, mtp_distillation_loss=False, mtp_num_layers=0, mtp_loss_scaling_factor=0.3, add_mtp_loss=True, mtp_load_weight_only=False, use_dense_mtp=False, separate_mtp_headloss=False, experimental_dataflow=False, num_empty_layers_add_in_head=0, num_empty_layers_add_in_tail=0, pipeline_model_parallel_layout=None, account_for_embedding_in_pipeline_split=False, account_for_loss_in_pipeline_split=False, hidden_size=2048, num_attention_heads=16, softmax_scale=None, softmax_type='vanilla', num_key_value_heads=8, init_method=functools.partial(<function normal_ at 0x76652e9d6340>, mean=0.0, std=0.02), head_dim=128, hidden_dropout_prob=0.0, attention_dropout=0.0, _attn_implementation='default', flashmask_use_varlen=False, intermediate_size=6144, gated_linear_unit=True, hidden_act=<function silu at 0x76652ea2b4c0>, use_bias=False, attention_bias=False, output_layer_init_method=functools.partial(<function normal_ at 0x76652e9d6340>, mean=0.0, std=0.002672612419124244), rotary_interleaved=False, multi_latent_attention=False, heterogeneous_block_specs=False, sliding_window=None, window_attn_skip_freq=None, calculate_per_token_loss=False, fp32_residual_connection=False, rope_scaling=1.0, rope_theta=1000000, apply_residual_connection_post_layernorm=False, activation_func_clamp_value=None, glu_linear_offset=0.0, multimodal_embedding=False, gated_attention=False, block_attention_residuals=False, attn_res_block_size=1, apply_query_key_layer_scaling=False, attention_softmax_in_fp32=False, high_precision_rope=False, bias_activation_fusion=True, masked_softmax_fusion=False, normalization='RMSNorm', use_qk_norm=True, qk_norm_fusion=False, qk_norm_type='per_head', rms_norm_eps=1e-05, layernorm_zero_centered_gamma=False, bias_dropout_fusion=True, apply_rope_fusion=False, sigmoid_gate_fusion=False, recompute_granularity=None, recompute_method=None, recompute_num_layers=None, recompute_modules=None, n_routed_experts=None, n_shared_experts=None, num_experts_per_tok=2, scoring_func='softmax', moe_intermediate_size=None, topk_method='greedy', moe_token_dispatcher_type='deepep', moe_use_fusion_node=True, moe_router_load_balancing_type='aux_loss', moe_layer_freq=1, first_k_dense_replace=None, moe_expert_capacity_factor=None, moe_pad_expert_input_to_capacity=False, moe_token_drop_policy='probs', router_aux_loss_coef=0.01, norm_topk_prob=True, n_group=1, topk_group=1, routed_scaling_factor=1.0, routed_scaling_factor_learnable=False, moe_dequant_input=False, moe_expert_fusion=True, moe_subbatch_token_num_before_dispatch=None, moe_subbatch_token_num_after_dispatch=None, use_auto_subbatch=False, moe_subbatch_diag=False, moe_grouped_gemm=False, router_z_loss_coef=None, moe_router_force_load_balancing=False, moe_router_fusion=False, moe_shared_expert_gate=False, moe_shared_expert_overlap=False, moe_deep_gemm=False, moe_ep_barrier=True, use_latent_moe=False, moe_latent_size=None, cp_comm_type=None, fp8=None, fp8_recipe='blockwise', fp8_wgrad=True, embedding_init_method=functools.partial(<function normal_ at 0x76652e9d6340>, mean=0.0, std=0.02), embedding_init_method_std=0.02, init_method_std=0.02, init_model_with_meta_device=False, is_hybrid_model=False, clone_scatter_output_in_embedding=True, using_sonic_moe=False, q_lora_rank=512, kv_lora_rank=512, qk_nope_head_dim=64, qk_rope_head_dim=64, v_head_dim=128, rope_type='yarn', rotary_base=1000000.0, rotary_percent=1.0, rotary_scaling_factor=40, original_max_position_embeddings=4096, beta_fast=32, beta_slow=1, mscale=1.0, mscale_all_dim=0.0, loss_subbatch_sequence_length=1024, fused_linear_ce_loss_chunk=0, dsa_index_n_heads=None, dsa_index_head_dim=128, dsa_index_topk=2048, dsa_indexer_loss_coeff=0.01, dsa_indexer_use_sparse_loss=False, dsa_indexer_rotary_interleaved=False, gpt_model_use_experimental_version=False, moe_topk_fusion=False, routing_map_fusion=False, vocab_size=151936, position_embedding_type='rope', max_sequence_length=1024, tie_word_embeddings=True, layer_types=None, fp16_lm_cross_entropy=False, make_vocab_size_divisible_by=128, seq_len_interpolation_factor=None, seq_length=1024, scatter_embedding_sequence_parallel=True, tp_only_amax_red=False, tp_comm_overlap_cfg=None, generation_config=None, should_pad_vocab=False, mtp_enabled=False, restore_modelopt_state=False, max_position_embeddings=40960, hidden_dropout=0.0, layernorm_epsilon=1e-06, persist_layer_norm=True, vha_enable_premix=True, vha_enable_postmix=True, vha_postmix_rank=4, vha_premix_init_alpha=0.1, attn_type='gqa'), 'layer_number': 14, 'hidden_dropout_prob': 0.0}()
[2026-05-24 19:53:11,047] [    INFO] pp_layers.py:899 - 16: <class 'paddlefleet.transformer.transformer_layer.TransformerLayer'>{'config': QwenBaseProvider(tensor_model_parallel_size=1, parallel_output=True, pipeline_model_parallel_comm_backend=None, pipeline_model_parallel_size=1, virtual_pipeline_model_parallel_size=None, sequence_parallel=False, context_parallel_size=1, hierarchical_context_parallel_sizes=None, expert_model_parallel_size=1, expert_tensor_parallel_size=1, moe_extended_tp=False, perform_initialization=True, use_cpu_initialization=False, fp16=False, bf16=True, params_dtype=<DataType.BFLOAT16: 16>, timers=None, finalize_model_grads_func=None, grad_scale_func=None, no_sync_func=None, grad_sync_func=None, param_sync_func=None, deterministic_mode=False, enable_autocast=False, autocast_dtype=<DataType.BFLOAT16: 16>, num_microbatches_with_partial_activation_checkpoints=None, fa_version=2, gradient_accumulation_fusion=False, async_tensor_model_parallel_allreduce=False, use_te_rng_tracker=False, tp_comm_overlap=False, tp_comm_bulk_wgrad=True, tp_comm_bulk_dgrad=True, tp_comm_overlap_ag=True, tp_comm_overlap_rs=True, tp_comm_overlap_rs_dgrad=False, tp_comm_split_ag=True, tp_comm_atomic_ag=False, tp_comm_split_rs=True, tp_comm_atomic_rs=False, cross_entropy_loss_fusion=False, cross_entropy_fusion_impl='native', tp_comm_overlap_disable_qkv=False, tp_comm_overlap_disable_fc1=False, tp_comm_bootstrap_backend='nccl', variable_seq_lengths=False, overlap_p2p_comm=False, batch_p2p_comm=True, batch_p2p_sync=True, deallocate_pipeline_outputs=True, defer_embedding_wgrad_compute=False, wgrad_deferral_limit=0, pipeline_model_parallel_split_rank=None, overlap_p2p_comm_warmup_flush=False, microbatch_group_size_per_vp_stage=1, delay_wgrad_compute=False, cpu_offloading=False, cpu_offloading_num_layers=0, _cpu_offloading_context=None, cpu_offloading_activations=True, cpu_offloading_weights=True, barrier_with_L1_time=True, num_hidden_layers=28, num_nextn_predict_layers=0, train_mtp_only=False, mtp_distillation_loss=False, mtp_num_layers=0, mtp_loss_scaling_factor=0.3, add_mtp_loss=True, mtp_load_weight_only=False, use_dense_mtp=False, separate_mtp_headloss=False, experimental_dataflow=False, num_empty_layers_add_in_head=0, num_empty_layers_add_in_tail=0, pipeline_model_parallel_layout=None, account_for_embedding_in_pipeline_split=False, account_for_loss_in_pipeline_split=False, hidden_size=2048, num_attention_heads=16, softmax_scale=None, softmax_type='vanilla', num_key_value_heads=8, init_method=functools.partial(<function normal_ at 0x76652e9d6340>, mean=0.0, std=0.02), head_dim=128, hidden_dropout_prob=0.0, attention_dropout=0.0, _attn_implementation='default', flashmask_use_varlen=False, intermediate_size=6144, gated_linear_unit=True, hidden_act=<function silu at 0x76652ea2b4c0>, use_bias=False, attention_bias=False, output_layer_init_method=functools.partial(<function normal_ at 0x76652e9d6340>, mean=0.0, std=0.002672612419124244), rotary_interleaved=False, multi_latent_attention=False, heterogeneous_block_specs=False, sliding_window=None, window_attn_skip_freq=None, calculate_per_token_loss=False, fp32_residual_connection=False, rope_scaling=1.0, rope_theta=1000000, apply_residual_connection_post_layernorm=False, activation_func_clamp_value=None, glu_linear_offset=0.0, multimodal_embedding=False, gated_attention=False, block_attention_residuals=False, attn_res_block_size=1, apply_query_key_layer_scaling=False, attention_softmax_in_fp32=False, high_precision_rope=False, bias_activation_fusion=True, masked_softmax_fusion=False, normalization='RMSNorm', use_qk_norm=True, qk_norm_fusion=False, qk_norm_type='per_head', rms_norm_eps=1e-05, layernorm_zero_centered_gamma=False, bias_dropout_fusion=True, apply_rope_fusion=False, sigmoid_gate_fusion=False, recompute_granularity=None, recompute_method=None, recompute_num_layers=None, recompute_modules=None, n_routed_experts=None, n_shared_experts=None, num_experts_per_tok=2, scoring_func='softmax', moe_intermediate_size=None, topk_method='greedy', moe_token_dispatcher_type='deepep', moe_use_fusion_node=True, moe_router_load_balancing_type='aux_loss', moe_layer_freq=1, first_k_dense_replace=None, moe_expert_capacity_factor=None, moe_pad_expert_input_to_capacity=False, moe_token_drop_policy='probs', router_aux_loss_coef=0.01, norm_topk_prob=True, n_group=1, topk_group=1, routed_scaling_factor=1.0, routed_scaling_factor_learnable=False, moe_dequant_input=False, moe_expert_fusion=True, moe_subbatch_token_num_before_dispatch=None, moe_subbatch_token_num_after_dispatch=None, use_auto_subbatch=False, moe_subbatch_diag=False, moe_grouped_gemm=False, router_z_loss_coef=None, moe_router_force_load_balancing=False, moe_router_fusion=False, moe_shared_expert_gate=False, moe_shared_expert_overlap=False, moe_deep_gemm=False, moe_ep_barrier=True, use_latent_moe=False, moe_latent_size=None, cp_comm_type=None, fp8=None, fp8_recipe='blockwise', fp8_wgrad=True, embedding_init_method=functools.partial(<function normal_ at 0x76652e9d6340>, mean=0.0, std=0.02), embedding_init_method_std=0.02, init_method_std=0.02, init_model_with_meta_device=False, is_hybrid_model=False, clone_scatter_output_in_embedding=True, using_sonic_moe=False, q_lora_rank=512, kv_lora_rank=512, qk_nope_head_dim=64, qk_rope_head_dim=64, v_head_dim=128, rope_type='yarn', rotary_base=1000000.0, rotary_percent=1.0, rotary_scaling_factor=40, original_max_position_embeddings=4096, beta_fast=32, beta_slow=1, mscale=1.0, mscale_all_dim=0.0, loss_subbatch_sequence_length=1024, fused_linear_ce_loss_chunk=0, dsa_index_n_heads=None, dsa_index_head_dim=128, dsa_index_topk=2048, dsa_indexer_loss_coeff=0.01, dsa_indexer_use_sparse_loss=False, dsa_indexer_rotary_interleaved=False, gpt_model_use_experimental_version=False, moe_topk_fusion=False, routing_map_fusion=False, vocab_size=151936, position_embedding_type='rope', max_sequence_length=1024, tie_word_embeddings=True, layer_types=None, fp16_lm_cross_entropy=False, make_vocab_size_divisible_by=128, seq_len_interpolation_factor=None, seq_length=1024, scatter_embedding_sequence_parallel=True, tp_only_amax_red=False, tp_comm_overlap_cfg=None, generation_config=None, should_pad_vocab=False, mtp_enabled=False, restore_modelopt_state=False, max_position_embeddings=40960, hidden_dropout=0.0, layernorm_epsilon=1e-06, persist_layer_norm=True, vha_enable_premix=True, vha_enable_postmix=True, vha_postmix_rank=4, vha_premix_init_alpha=0.1, attn_type='gqa'), 'layer_number': 15, 'hidden_dropout_prob': 0.0}()
[2026-05-24 19:53:11,047] [    INFO] pp_layers.py:899 - 17: <class 'paddlefleet.transformer.transformer_layer.TransformerLayer'>{'config': QwenBaseProvider(tensor_model_parallel_size=1, parallel_output=True, pipeline_model_parallel_comm_backend=None, pipeline_model_parallel_size=1, virtual_pipeline_model_parallel_size=None, sequence_parallel=False, context_parallel_size=1, hierarchical_context_parallel_sizes=None, expert_model_parallel_size=1, expert_tensor_parallel_size=1, moe_extended_tp=False, perform_initialization=True, use_cpu_initialization=False, fp16=False, bf16=True, params_dtype=<DataType.BFLOAT16: 16>, timers=None, finalize_model_grads_func=None, grad_scale_func=None, no_sync_func=None, grad_sync_func=None, param_sync_func=None, deterministic_mode=False, enable_autocast=False, autocast_dtype=<DataType.BFLOAT16: 16>, num_microbatches_with_partial_activation_checkpoints=None, fa_version=2, gradient_accumulation_fusion=False, async_tensor_model_parallel_allreduce=False, use_te_rng_tracker=False, tp_comm_overlap=False, tp_comm_bulk_wgrad=True, tp_comm_bulk_dgrad=True, tp_comm_overlap_ag=True, tp_comm_overlap_rs=True, tp_comm_overlap_rs_dgrad=False, tp_comm_split_ag=True, tp_comm_atomic_ag=False, tp_comm_split_rs=True, tp_comm_atomic_rs=False, cross_entropy_loss_fusion=False, cross_entropy_fusion_impl='native', tp_comm_overlap_disable_qkv=False, tp_comm_overlap_disable_fc1=False, tp_comm_bootstrap_backend='nccl', variable_seq_lengths=False, overlap_p2p_comm=False, batch_p2p_comm=True, batch_p2p_sync=True, deallocate_pipeline_outputs=True, defer_embedding_wgrad_compute=False, wgrad_deferral_limit=0, pipeline_model_parallel_split_rank=None, overlap_p2p_comm_warmup_flush=False, microbatch_group_size_per_vp_stage=1, delay_wgrad_compute=False, cpu_offloading=False, cpu_offloading_num_layers=0, _cpu_offloading_context=None, cpu_offloading_activations=True, cpu_offloading_weights=True, barrier_with_L1_time=True, num_hidden_layers=28, num_nextn_predict_layers=0, train_mtp_only=False, mtp_distillation_loss=False, mtp_num_layers=0, mtp_loss_scaling_factor=0.3, add_mtp_loss=True, mtp_load_weight_only=False, use_dense_mtp=False, separate_mtp_headloss=False, experimental_dataflow=False, num_empty_layers_add_in_head=0, num_empty_layers_add_in_tail=0, pipeline_model_parallel_layout=None, account_for_embedding_in_pipeline_split=False, account_for_loss_in_pipeline_split=False, hidden_size=2048, num_attention_heads=16, softmax_scale=None, softmax_type='vanilla', num_key_value_heads=8, init_method=functools.partial(<function normal_ at 0x76652e9d6340>, mean=0.0, std=0.02), head_dim=128, hidden_dropout_prob=0.0, attention_dropout=0.0, _attn_implementation='default', flashmask_use_varlen=False, intermediate_size=6144, gated_linear_unit=True, hidden_act=<function silu at 0x76652ea2b4c0>, use_bias=False, attention_bias=False, output_layer_init_method=functools.partial(<function normal_ at 0x76652e9d6340>, mean=0.0, std=0.002672612419124244), rotary_interleaved=False, multi_latent_attention=False, heterogeneous_block_specs=False, sliding_window=None, window_attn_skip_freq=None, calculate_per_token_loss=False, fp32_residual_connection=False, rope_scaling=1.0, rope_theta=1000000, apply_residual_connection_post_layernorm=False, activation_func_clamp_value=None, glu_linear_offset=0.0, multimodal_embedding=False, gated_attention=False, block_attention_residuals=False, attn_res_block_size=1, apply_query_key_layer_scaling=False, attention_softmax_in_fp32=False, high_precision_rope=False, bias_activation_fusion=True, masked_softmax_fusion=False, normalization='RMSNorm', use_qk_norm=True, qk_norm_fusion=False, qk_norm_type='per_head', rms_norm_eps=1e-05, layernorm_zero_centered_gamma=False, bias_dropout_fusion=True, apply_rope_fusion=False, sigmoid_gate_fusion=False, recompute_granularity=None, recompute_method=None, recompute_num_layers=None, recompute_modules=None, n_routed_experts=None, n_shared_experts=None, num_experts_per_tok=2, scoring_func='softmax', moe_intermediate_size=None, topk_method='greedy', moe_token_dispatcher_type='deepep', moe_use_fusion_node=True, moe_router_load_balancing_type='aux_loss', moe_layer_freq=1, first_k_dense_replace=None, moe_expert_capacity_factor=None, moe_pad_expert_input_to_capacity=False, moe_token_drop_policy='probs', router_aux_loss_coef=0.01, norm_topk_prob=True, n_group=1, topk_group=1, routed_scaling_factor=1.0, routed_scaling_factor_learnable=False, moe_dequant_input=False, moe_expert_fusion=True, moe_subbatch_token_num_before_dispatch=None, moe_subbatch_token_num_after_dispatch=None, use_auto_subbatch=False, moe_subbatch_diag=False, moe_grouped_gemm=False, router_z_loss_coef=None, moe_router_force_load_balancing=False, moe_router_fusion=False, moe_shared_expert_gate=False, moe_shared_expert_overlap=False, moe_deep_gemm=False, moe_ep_barrier=True, use_latent_moe=False, moe_latent_size=None, cp_comm_type=None, fp8=None, fp8_recipe='blockwise', fp8_wgrad=True, embedding_init_method=functools.partial(<function normal_ at 0x76652e9d6340>, mean=0.0, std=0.02), embedding_init_method_std=0.02, init_method_std=0.02, init_model_with_meta_device=False, is_hybrid_model=False, clone_scatter_output_in_embedding=True, using_sonic_moe=False, q_lora_rank=512, kv_lora_rank=512, qk_nope_head_dim=64, qk_rope_head_dim=64, v_head_dim=128, rope_type='yarn', rotary_base=1000000.0, rotary_percent=1.0, rotary_scaling_factor=40, original_max_position_embeddings=4096, beta_fast=32, beta_slow=1, mscale=1.0, mscale_all_dim=0.0, loss_subbatch_sequence_length=1024, fused_linear_ce_loss_chunk=0, dsa_index_n_heads=None, dsa_index_head_dim=128, dsa_index_topk=2048, dsa_indexer_loss_coeff=0.01, dsa_indexer_use_sparse_loss=False, dsa_indexer_rotary_interleaved=False, gpt_model_use_experimental_version=False, moe_topk_fusion=False, routing_map_fusion=False, vocab_size=151936, position_embedding_type='rope', max_sequence_length=1024, tie_word_embeddings=True, layer_types=None, fp16_lm_cross_entropy=False, make_vocab_size_divisible_by=128, seq_len_interpolation_factor=None, seq_length=1024, scatter_embedding_sequence_parallel=True, tp_only_amax_red=False, tp_comm_overlap_cfg=None, generation_config=None, should_pad_vocab=False, mtp_enabled=False, restore_modelopt_state=False, max_position_embeddings=40960, hidden_dropout=0.0, layernorm_epsilon=1e-06, persist_layer_norm=True, vha_enable_premix=True, vha_enable_postmix=True, vha_postmix_rank=4, vha_premix_init_alpha=0.1, attn_type='gqa'), 'layer_number': 16, 'hidden_dropout_prob': 0.0}()
[2026-05-24 19:53:11,047] [    INFO] pp_layers.py:899 - 18: <class 'paddlefleet.transformer.transformer_layer.TransformerLayer'>{'config': QwenBaseProvider(tensor_model_parallel_size=1, parallel_output=True, pipeline_model_parallel_comm_backend=None, pipeline_model_parallel_size=1, virtual_pipeline_model_parallel_size=None, sequence_parallel=False, context_parallel_size=1, hierarchical_context_parallel_sizes=None, expert_model_parallel_size=1, expert_tensor_parallel_size=1, moe_extended_tp=False, perform_initialization=True, use_cpu_initialization=False, fp16=False, bf16=True, params_dtype=<DataType.BFLOAT16: 16>, timers=None, finalize_model_grads_func=None, grad_scale_func=None, no_sync_func=None, grad_sync_func=None, param_sync_func=None, deterministic_mode=False, enable_autocast=False, autocast_dtype=<DataType.BFLOAT16: 16>, num_microbatches_with_partial_activation_checkpoints=None, fa_version=2, gradient_accumulation_fusion=False, async_tensor_model_parallel_allreduce=False, use_te_rng_tracker=False, tp_comm_overlap=False, tp_comm_bulk_wgrad=True, tp_comm_bulk_dgrad=True, tp_comm_overlap_ag=True, tp_comm_overlap_rs=True, tp_comm_overlap_rs_dgrad=False, tp_comm_split_ag=True, tp_comm_atomic_ag=False, tp_comm_split_rs=True, tp_comm_atomic_rs=False, cross_entropy_loss_fusion=False, cross_entropy_fusion_impl='native', tp_comm_overlap_disable_qkv=False, tp_comm_overlap_disable_fc1=False, tp_comm_bootstrap_backend='nccl', variable_seq_lengths=False, overlap_p2p_comm=False, batch_p2p_comm=True, batch_p2p_sync=True, deallocate_pipeline_outputs=True, defer_embedding_wgrad_compute=False, wgrad_deferral_limit=0, pipeline_model_parallel_split_rank=None, overlap_p2p_comm_warmup_flush=False, microbatch_group_size_per_vp_stage=1, delay_wgrad_compute=False, cpu_offloading=False, cpu_offloading_num_layers=0, _cpu_offloading_context=None, cpu_offloading_activations=True, cpu_offloading_weights=True, barrier_with_L1_time=True, num_hidden_layers=28, num_nextn_predict_layers=0, train_mtp_only=False, mtp_distillation_loss=False, mtp_num_layers=0, mtp_loss_scaling_factor=0.3, add_mtp_loss=True, mtp_load_weight_only=False, use_dense_mtp=False, separate_mtp_headloss=False, experimental_dataflow=False, num_empty_layers_add_in_head=0, num_empty_layers_add_in_tail=0, pipeline_model_parallel_layout=None, account_for_embedding_in_pipeline_split=False, account_for_loss_in_pipeline_split=False, hidden_size=2048, num_attention_heads=16, softmax_scale=None, softmax_type='vanilla', num_key_value_heads=8, init_method=functools.partial(<function normal_ at 0x76652e9d6340>, mean=0.0, std=0.02), head_dim=128, hidden_dropout_prob=0.0, attention_dropout=0.0, _attn_implementation='default', flashmask_use_varlen=False, intermediate_size=6144, gated_linear_unit=True, hidden_act=<function silu at 0x76652ea2b4c0>, use_bias=False, attention_bias=False, output_layer_init_method=functools.partial(<function normal_ at 0x76652e9d6340>, mean=0.0, std=0.002672612419124244), rotary_interleaved=False, multi_latent_attention=False, heterogeneous_block_specs=False, sliding_window=None, window_attn_skip_freq=None, calculate_per_token_loss=False, fp32_residual_connection=False, rope_scaling=1.0, rope_theta=1000000, apply_residual_connection_post_layernorm=False, activation_func_clamp_value=None, glu_linear_offset=0.0, multimodal_embedding=False, gated_attention=False, block_attention_residuals=False, attn_res_block_size=1, apply_query_key_layer_scaling=False, attention_softmax_in_fp32=False, high_precision_rope=False, bias_activation_fusion=True, masked_softmax_fusion=False, normalization='RMSNorm', use_qk_norm=True, qk_norm_fusion=False, qk_norm_type='per_head', rms_norm_eps=1e-05, layernorm_zero_centered_gamma=False, bias_dropout_fusion=True, apply_rope_fusion=False, sigmoid_gate_fusion=False, recompute_granularity=None, recompute_method=None, recompute_num_layers=None, recompute_modules=None, n_routed_experts=None, n_shared_experts=None, num_experts_per_tok=2, scoring_func='softmax', moe_intermediate_size=None, topk_method='greedy', moe_token_dispatcher_type='deepep', moe_use_fusion_node=True, moe_router_load_balancing_type='aux_loss', moe_layer_freq=1, first_k_dense_replace=None, moe_expert_capacity_factor=None, moe_pad_expert_input_to_capacity=False, moe_token_drop_policy='probs', router_aux_loss_coef=0.01, norm_topk_prob=True, n_group=1, topk_group=1, routed_scaling_factor=1.0, routed_scaling_factor_learnable=False, moe_dequant_input=False, moe_expert_fusion=True, moe_subbatch_token_num_before_dispatch=None, moe_subbatch_token_num_after_dispatch=None, use_auto_subbatch=False, moe_subbatch_diag=False, moe_grouped_gemm=False, router_z_loss_coef=None, moe_router_force_load_balancing=False, moe_router_fusion=False, moe_shared_expert_gate=False, moe_shared_expert_overlap=False, moe_deep_gemm=False, moe_ep_barrier=True, use_latent_moe=False, moe_latent_size=None, cp_comm_type=None, fp8=None, fp8_recipe='blockwise', fp8_wgrad=True, embedding_init_method=functools.partial(<function normal_ at 0x76652e9d6340>, mean=0.0, std=0.02), embedding_init_method_std=0.02, init_method_std=0.02, init_model_with_meta_device=False, is_hybrid_model=False, clone_scatter_output_in_embedding=True, using_sonic_moe=False, q_lora_rank=512, kv_lora_rank=512, qk_nope_head_dim=64, qk_rope_head_dim=64, v_head_dim=128, rope_type='yarn', rotary_base=1000000.0, rotary_percent=1.0, rotary_scaling_factor=40, original_max_position_embeddings=4096, beta_fast=32, beta_slow=1, mscale=1.0, mscale_all_dim=0.0, loss_subbatch_sequence_length=1024, fused_linear_ce_loss_chunk=0, dsa_index_n_heads=None, dsa_index_head_dim=128, dsa_index_topk=2048, dsa_indexer_loss_coeff=0.01, dsa_indexer_use_sparse_loss=False, dsa_indexer_rotary_interleaved=False, gpt_model_use_experimental_version=False, moe_topk_fusion=False, routing_map_fusion=False, vocab_size=151936, position_embedding_type='rope', max_sequence_length=1024, tie_word_embeddings=True, layer_types=None, fp16_lm_cross_entropy=False, make_vocab_size_divisible_by=128, seq_len_interpolation_factor=None, seq_length=1024, scatter_embedding_sequence_parallel=True, tp_only_amax_red=False, tp_comm_overlap_cfg=None, generation_config=None, should_pad_vocab=False, mtp_enabled=False, restore_modelopt_state=False, max_position_embeddings=40960, hidden_dropout=0.0, layernorm_epsilon=1e-06, persist_layer_norm=True, vha_enable_premix=True, vha_enable_postmix=True, vha_postmix_rank=4, vha_premix_init_alpha=0.1, attn_type='gqa'), 'layer_number': 17, 'hidden_dropout_prob': 0.0}()
[2026-05-24 19:53:11,047] [    INFO] pp_layers.py:899 - 19: <class 'paddlefleet.transformer.transformer_layer.TransformerLayer'>{'config': QwenBaseProvider(tensor_model_parallel_size=1, parallel_output=True, pipeline_model_parallel_comm_backend=None, pipeline_model_parallel_size=1, virtual_pipeline_model_parallel_size=None, sequence_parallel=False, context_parallel_size=1, hierarchical_context_parallel_sizes=None, expert_model_parallel_size=1, expert_tensor_parallel_size=1, moe_extended_tp=False, perform_initialization=True, use_cpu_initialization=False, fp16=False, bf16=True, params_dtype=<DataType.BFLOAT16: 16>, timers=None, finalize_model_grads_func=None, grad_scale_func=None, no_sync_func=None, grad_sync_func=None, param_sync_func=None, deterministic_mode=False, enable_autocast=False, autocast_dtype=<DataType.BFLOAT16: 16>, num_microbatches_with_partial_activation_checkpoints=None, fa_version=2, gradient_accumulation_fusion=False, async_tensor_model_parallel_allreduce=False, use_te_rng_tracker=False, tp_comm_overlap=False, tp_comm_bulk_wgrad=True, tp_comm_bulk_dgrad=True, tp_comm_overlap_ag=True, tp_comm_overlap_rs=True, tp_comm_overlap_rs_dgrad=False, tp_comm_split_ag=True, tp_comm_atomic_ag=False, tp_comm_split_rs=True, tp_comm_atomic_rs=False, cross_entropy_loss_fusion=False, cross_entropy_fusion_impl='native', tp_comm_overlap_disable_qkv=False, tp_comm_overlap_disable_fc1=False, tp_comm_bootstrap_backend='nccl', variable_seq_lengths=False, overlap_p2p_comm=False, batch_p2p_comm=True, batch_p2p_sync=True, deallocate_pipeline_outputs=True, defer_embedding_wgrad_compute=False, wgrad_deferral_limit=0, pipeline_model_parallel_split_rank=None, overlap_p2p_comm_warmup_flush=False, microbatch_group_size_per_vp_stage=1, delay_wgrad_compute=False, cpu_offloading=False, cpu_offloading_num_layers=0, _cpu_offloading_context=None, cpu_offloading_activations=True, cpu_offloading_weights=True, barrier_with_L1_time=True, num_hidden_layers=28, num_nextn_predict_layers=0, train_mtp_only=False, mtp_distillation_loss=False, mtp_num_layers=0, mtp_loss_scaling_factor=0.3, add_mtp_loss=True, mtp_load_weight_only=False, use_dense_mtp=False, separate_mtp_headloss=False, experimental_dataflow=False, num_empty_layers_add_in_head=0, num_empty_layers_add_in_tail=0, pipeline_model_parallel_layout=None, account_for_embedding_in_pipeline_split=False, account_for_loss_in_pipeline_split=False, hidden_size=2048, num_attention_heads=16, softmax_scale=None, softmax_type='vanilla', num_key_value_heads=8, init_method=functools.partial(<function normal_ at 0x76652e9d6340>, mean=0.0, std=0.02), head_dim=128, hidden_dropout_prob=0.0, attention_dropout=0.0, _attn_implementation='default', flashmask_use_varlen=False, intermediate_size=6144, gated_linear_unit=True, hidden_act=<function silu at 0x76652ea2b4c0>, use_bias=False, attention_bias=False, output_layer_init_method=functools.partial(<function normal_ at 0x76652e9d6340>, mean=0.0, std=0.002672612419124244), rotary_interleaved=False, multi_latent_attention=False, heterogeneous_block_specs=False, sliding_window=None, window_attn_skip_freq=None, calculate_per_token_loss=False, fp32_residual_connection=False, rope_scaling=1.0, rope_theta=1000000, apply_residual_connection_post_layernorm=False, activation_func_clamp_value=None, glu_linear_offset=0.0, multimodal_embedding=False, gated_attention=False, block_attention_residuals=False, attn_res_block_size=1, apply_query_key_layer_scaling=False, attention_softmax_in_fp32=False, high_precision_rope=False, bias_activation_fusion=True, masked_softmax_fusion=False, normalization='RMSNorm', use_qk_norm=True, qk_norm_fusion=False, qk_norm_type='per_head', rms_norm_eps=1e-05, layernorm_zero_centered_gamma=False, bias_dropout_fusion=True, apply_rope_fusion=False, sigmoid_gate_fusion=False, recompute_granularity=None, recompute_method=None, recompute_num_layers=None, recompute_modules=None, n_routed_experts=None, n_shared_experts=None, num_experts_per_tok=2, scoring_func='softmax', moe_intermediate_size=None, topk_method='greedy', moe_token_dispatcher_type='deepep', moe_use_fusion_node=True, moe_router_load_balancing_type='aux_loss', moe_layer_freq=1, first_k_dense_replace=None, moe_expert_capacity_factor=None, moe_pad_expert_input_to_capacity=False, moe_token_drop_policy='probs', router_aux_loss_coef=0.01, norm_topk_prob=True, n_group=1, topk_group=1, routed_scaling_factor=1.0, routed_scaling_factor_learnable=False, moe_dequant_input=False, moe_expert_fusion=True, moe_subbatch_token_num_before_dispatch=None, moe_subbatch_token_num_after_dispatch=None, use_auto_subbatch=False, moe_subbatch_diag=False, moe_grouped_gemm=False, router_z_loss_coef=None, moe_router_force_load_balancing=False, moe_router_fusion=False, moe_shared_expert_gate=False, moe_shared_expert_overlap=False, moe_deep_gemm=False, moe_ep_barrier=True, use_latent_moe=False, moe_latent_size=None, cp_comm_type=None, fp8=None, fp8_recipe='blockwise', fp8_wgrad=True, embedding_init_method=functools.partial(<function normal_ at 0x76652e9d6340>, mean=0.0, std=0.02), embedding_init_method_std=0.02, init_method_std=0.02, init_model_with_meta_device=False, is_hybrid_model=False, clone_scatter_output_in_embedding=True, using_sonic_moe=False, q_lora_rank=512, kv_lora_rank=512, qk_nope_head_dim=64, qk_rope_head_dim=64, v_head_dim=128, rope_type='yarn', rotary_base=1000000.0, rotary_percent=1.0, rotary_scaling_factor=40, original_max_position_embeddings=4096, beta_fast=32, beta_slow=1, mscale=1.0, mscale_all_dim=0.0, loss_subbatch_sequence_length=1024, fused_linear_ce_loss_chunk=0, dsa_index_n_heads=None, dsa_index_head_dim=128, dsa_index_topk=2048, dsa_indexer_loss_coeff=0.01, dsa_indexer_use_sparse_loss=False, dsa_indexer_rotary_interleaved=False, gpt_model_use_experimental_version=False, moe_topk_fusion=False, routing_map_fusion=False, vocab_size=151936, position_embedding_type='rope', max_sequence_length=1024, tie_word_embeddings=True, layer_types=None, fp16_lm_cross_entropy=False, make_vocab_size_divisible_by=128, seq_len_interpolation_factor=None, seq_length=1024, scatter_embedding_sequence_parallel=True, tp_only_amax_red=False, tp_comm_overlap_cfg=None, generation_config=None, should_pad_vocab=False, mtp_enabled=False, restore_modelopt_state=False, max_position_embeddings=40960, hidden_dropout=0.0, layernorm_epsilon=1e-06, persist_layer_norm=True, vha_enable_premix=True, vha_enable_postmix=True, vha_postmix_rank=4, vha_premix_init_alpha=0.1, attn_type='gqa'), 'layer_number': 18, 'hidden_dropout_prob': 0.0}()
[2026-05-24 19:53:11,047] [    INFO] pp_layers.py:899 - 20: <class 'paddlefleet.transformer.transformer_layer.TransformerLayer'>{'config': QwenBaseProvider(tensor_model_parallel_size=1, parallel_output=True, pipeline_model_parallel_comm_backend=None, pipeline_model_parallel_size=1, virtual_pipeline_model_parallel_size=None, sequence_parallel=False, context_parallel_size=1, hierarchical_context_parallel_sizes=None, expert_model_parallel_size=1, expert_tensor_parallel_size=1, moe_extended_tp=False, perform_initialization=True, use_cpu_initialization=False, fp16=False, bf16=True, params_dtype=<DataType.BFLOAT16: 16>, timers=None, finalize_model_grads_func=None, grad_scale_func=None, no_sync_func=None, grad_sync_func=None, param_sync_func=None, deterministic_mode=False, enable_autocast=False, autocast_dtype=<DataType.BFLOAT16: 16>, num_microbatches_with_partial_activation_checkpoints=None, fa_version=2, gradient_accumulation_fusion=False, async_tensor_model_parallel_allreduce=False, use_te_rng_tracker=False, tp_comm_overlap=False, tp_comm_bulk_wgrad=True, tp_comm_bulk_dgrad=True, tp_comm_overlap_ag=True, tp_comm_overlap_rs=True, tp_comm_overlap_rs_dgrad=False, tp_comm_split_ag=True, tp_comm_atomic_ag=False, tp_comm_split_rs=True, tp_comm_atomic_rs=False, cross_entropy_loss_fusion=False, cross_entropy_fusion_impl='native', tp_comm_overlap_disable_qkv=False, tp_comm_overlap_disable_fc1=False, tp_comm_bootstrap_backend='nccl', variable_seq_lengths=False, overlap_p2p_comm=False, batch_p2p_comm=True, batch_p2p_sync=True, deallocate_pipeline_outputs=True, defer_embedding_wgrad_compute=False, wgrad_deferral_limit=0, pipeline_model_parallel_split_rank=None, overlap_p2p_comm_warmup_flush=False, microbatch_group_size_per_vp_stage=1, delay_wgrad_compute=False, cpu_offloading=False, cpu_offloading_num_layers=0, _cpu_offloading_context=None, cpu_offloading_activations=True, cpu_offloading_weights=True, barrier_with_L1_time=True, num_hidden_layers=28, num_nextn_predict_layers=0, train_mtp_only=False, mtp_distillation_loss=False, mtp_num_layers=0, mtp_loss_scaling_factor=0.3, add_mtp_loss=True, mtp_load_weight_only=False, use_dense_mtp=False, separate_mtp_headloss=False, experimental_dataflow=False, num_empty_layers_add_in_head=0, num_empty_layers_add_in_tail=0, pipeline_model_parallel_layout=None, account_for_embedding_in_pipeline_split=False, account_for_loss_in_pipeline_split=False, hidden_size=2048, num_attention_heads=16, softmax_scale=None, softmax_type='vanilla', num_key_value_heads=8, init_method=functools.partial(<function normal_ at 0x76652e9d6340>, mean=0.0, std=0.02), head_dim=128, hidden_dropout_prob=0.0, attention_dropout=0.0, _attn_implementation='default', flashmask_use_varlen=False, intermediate_size=6144, gated_linear_unit=True, hidden_act=<function silu at 0x76652ea2b4c0>, use_bias=False, attention_bias=False, output_layer_init_method=functools.partial(<function normal_ at 0x76652e9d6340>, mean=0.0, std=0.002672612419124244), rotary_interleaved=False, multi_latent_attention=False, heterogeneous_block_specs=False, sliding_window=None, window_attn_skip_freq=None, calculate_per_token_loss=False, fp32_residual_connection=False, rope_scaling=1.0, rope_theta=1000000, apply_residual_connection_post_layernorm=False, activation_func_clamp_value=None, glu_linear_offset=0.0, multimodal_embedding=False, gated_attention=False, block_attention_residuals=False, attn_res_block_size=1, apply_query_key_layer_scaling=False, attention_softmax_in_fp32=False, high_precision_rope=False, bias_activation_fusion=True, masked_softmax_fusion=False, normalization='RMSNorm', use_qk_norm=True, qk_norm_fusion=False, qk_norm_type='per_head', rms_norm_eps=1e-05, layernorm_zero_centered_gamma=False, bias_dropout_fusion=True, apply_rope_fusion=False, sigmoid_gate_fusion=False, recompute_granularity=None, recompute_method=None, recompute_num_layers=None, recompute_modules=None, n_routed_experts=None, n_shared_experts=None, num_experts_per_tok=2, scoring_func='softmax', moe_intermediate_size=None, topk_method='greedy', moe_token_dispatcher_type='deepep', moe_use_fusion_node=True, moe_router_load_balancing_type='aux_loss', moe_layer_freq=1, first_k_dense_replace=None, moe_expert_capacity_factor=None, moe_pad_expert_input_to_capacity=False, moe_token_drop_policy='probs', router_aux_loss_coef=0.01, norm_topk_prob=True, n_group=1, topk_group=1, routed_scaling_factor=1.0, routed_scaling_factor_learnable=False, moe_dequant_input=False, moe_expert_fusion=True, moe_subbatch_token_num_before_dispatch=None, moe_subbatch_token_num_after_dispatch=None, use_auto_subbatch=False, moe_subbatch_diag=False, moe_grouped_gemm=False, router_z_loss_coef=None, moe_router_force_load_balancing=False, moe_router_fusion=False, moe_shared_expert_gate=False, moe_shared_expert_overlap=False, moe_deep_gemm=False, moe_ep_barrier=True, use_latent_moe=False, moe_latent_size=None, cp_comm_type=None, fp8=None, fp8_recipe='blockwise', fp8_wgrad=True, embedding_init_method=functools.partial(<function normal_ at 0x76652e9d6340>, mean=0.0, std=0.02), embedding_init_method_std=0.02, init_method_std=0.02, init_model_with_meta_device=False, is_hybrid_model=False, clone_scatter_output_in_embedding=True, using_sonic_moe=False, q_lora_rank=512, kv_lora_rank=512, qk_nope_head_dim=64, qk_rope_head_dim=64, v_head_dim=128, rope_type='yarn', rotary_base=1000000.0, rotary_percent=1.0, rotary_scaling_factor=40, original_max_position_embeddings=4096, beta_fast=32, beta_slow=1, mscale=1.0, mscale_all_dim=0.0, loss_subbatch_sequence_length=1024, fused_linear_ce_loss_chunk=0, dsa_index_n_heads=None, dsa_index_head_dim=128, dsa_index_topk=2048, dsa_indexer_loss_coeff=0.01, dsa_indexer_use_sparse_loss=False, dsa_indexer_rotary_interleaved=False, gpt_model_use_experimental_version=False, moe_topk_fusion=False, routing_map_fusion=False, vocab_size=151936, position_embedding_type='rope', max_sequence_length=1024, tie_word_embeddings=True, layer_types=None, fp16_lm_cross_entropy=False, make_vocab_size_divisible_by=128, seq_len_interpolation_factor=None, seq_length=1024, scatter_embedding_sequence_parallel=True, tp_only_amax_red=False, tp_comm_overlap_cfg=None, generation_config=None, should_pad_vocab=False, mtp_enabled=False, restore_modelopt_state=False, max_position_embeddings=40960, hidden_dropout=0.0, layernorm_epsilon=1e-06, persist_layer_norm=True, vha_enable_premix=True, vha_enable_postmix=True, vha_postmix_rank=4, vha_premix_init_alpha=0.1, attn_type='gqa'), 'layer_number': 19, 'hidden_dropout_prob': 0.0}()
[2026-05-24 19:53:11,047] [    INFO] pp_layers.py:899 - 21: <class 'paddlefleet.transformer.transformer_layer.TransformerLayer'>{'config': QwenBaseProvider(tensor_model_parallel_size=1, parallel_output=True, pipeline_model_parallel_comm_backend=None, pipeline_model_parallel_size=1, virtual_pipeline_model_parallel_size=None, sequence_parallel=False, context_parallel_size=1, hierarchical_context_parallel_sizes=None, expert_model_parallel_size=1, expert_tensor_parallel_size=1, moe_extended_tp=False, perform_initialization=True, use_cpu_initialization=False, fp16=False, bf16=True, params_dtype=<DataType.BFLOAT16: 16>, timers=None, finalize_model_grads_func=None, grad_scale_func=None, no_sync_func=None, grad_sync_func=None, param_sync_func=None, deterministic_mode=False, enable_autocast=False, autocast_dtype=<DataType.BFLOAT16: 16>, num_microbatches_with_partial_activation_checkpoints=None, fa_version=2, gradient_accumulation_fusion=False, async_tensor_model_parallel_allreduce=False, use_te_rng_tracker=False, tp_comm_overlap=False, tp_comm_bulk_wgrad=True, tp_comm_bulk_dgrad=True, tp_comm_overlap_ag=True, tp_comm_overlap_rs=True, tp_comm_overlap_rs_dgrad=False, tp_comm_split_ag=True, tp_comm_atomic_ag=False, tp_comm_split_rs=True, tp_comm_atomic_rs=False, cross_entropy_loss_fusion=False, cross_entropy_fusion_impl='native', tp_comm_overlap_disable_qkv=False, tp_comm_overlap_disable_fc1=False, tp_comm_bootstrap_backend='nccl', variable_seq_lengths=False, overlap_p2p_comm=False, batch_p2p_comm=True, batch_p2p_sync=True, deallocate_pipeline_outputs=True, defer_embedding_wgrad_compute=False, wgrad_deferral_limit=0, pipeline_model_parallel_split_rank=None, overlap_p2p_comm_warmup_flush=False, microbatch_group_size_per_vp_stage=1, delay_wgrad_compute=False, cpu_offloading=False, cpu_offloading_num_layers=0, _cpu_offloading_context=None, cpu_offloading_activations=True, cpu_offloading_weights=True, barrier_with_L1_time=True, num_hidden_layers=28, num_nextn_predict_layers=0, train_mtp_only=False, mtp_distillation_loss=False, mtp_num_layers=0, mtp_loss_scaling_factor=0.3, add_mtp_loss=True, mtp_load_weight_only=False, use_dense_mtp=False, separate_mtp_headloss=False, experimental_dataflow=False, num_empty_layers_add_in_head=0, num_empty_layers_add_in_tail=0, pipeline_model_parallel_layout=None, account_for_embedding_in_pipeline_split=False, account_for_loss_in_pipeline_split=False, hidden_size=2048, num_attention_heads=16, softmax_scale=None, softmax_type='vanilla', num_key_value_heads=8, init_method=functools.partial(<function normal_ at 0x76652e9d6340>, mean=0.0, std=0.02), head_dim=128, hidden_dropout_prob=0.0, attention_dropout=0.0, _attn_implementation='default', flashmask_use_varlen=False, intermediate_size=6144, gated_linear_unit=True, hidden_act=<function silu at 0x76652ea2b4c0>, use_bias=False, attention_bias=False, output_layer_init_method=functools.partial(<function normal_ at 0x76652e9d6340>, mean=0.0, std=0.002672612419124244), rotary_interleaved=False, multi_latent_attention=False, heterogeneous_block_specs=False, sliding_window=None, window_attn_skip_freq=None, calculate_per_token_loss=False, fp32_residual_connection=False, rope_scaling=1.0, rope_theta=1000000, apply_residual_connection_post_layernorm=False, activation_func_clamp_value=None, glu_linear_offset=0.0, multimodal_embedding=False, gated_attention=False, block_attention_residuals=False, attn_res_block_size=1, apply_query_key_layer_scaling=False, attention_softmax_in_fp32=False, high_precision_rope=False, bias_activation_fusion=True, masked_softmax_fusion=False, normalization='RMSNorm', use_qk_norm=True, qk_norm_fusion=False, qk_norm_type='per_head', rms_norm_eps=1e-05, layernorm_zero_centered_gamma=False, bias_dropout_fusion=True, apply_rope_fusion=False, sigmoid_gate_fusion=False, recompute_granularity=None, recompute_method=None, recompute_num_layers=None, recompute_modules=None, n_routed_experts=None, n_shared_experts=None, num_experts_per_tok=2, scoring_func='softmax', moe_intermediate_size=None, topk_method='greedy', moe_token_dispatcher_type='deepep', moe_use_fusion_node=True, moe_router_load_balancing_type='aux_loss', moe_layer_freq=1, first_k_dense_replace=None, moe_expert_capacity_factor=None, moe_pad_expert_input_to_capacity=False, moe_token_drop_policy='probs', router_aux_loss_coef=0.01, norm_topk_prob=True, n_group=1, topk_group=1, routed_scaling_factor=1.0, routed_scaling_factor_learnable=False, moe_dequant_input=False, moe_expert_fusion=True, moe_subbatch_token_num_before_dispatch=None, moe_subbatch_token_num_after_dispatch=None, use_auto_subbatch=False, moe_subbatch_diag=False, moe_grouped_gemm=False, router_z_loss_coef=None, moe_router_force_load_balancing=False, moe_router_fusion=False, moe_shared_expert_gate=False, moe_shared_expert_overlap=False, moe_deep_gemm=False, moe_ep_barrier=True, use_latent_moe=False, moe_latent_size=None, cp_comm_type=None, fp8=None, fp8_recipe='blockwise', fp8_wgrad=True, embedding_init_method=functools.partial(<function normal_ at 0x76652e9d6340>, mean=0.0, std=0.02), embedding_init_method_std=0.02, init_method_std=0.02, init_model_with_meta_device=False, is_hybrid_model=False, clone_scatter_output_in_embedding=True, using_sonic_moe=False, q_lora_rank=512, kv_lora_rank=512, qk_nope_head_dim=64, qk_rope_head_dim=64, v_head_dim=128, rope_type='yarn', rotary_base=1000000.0, rotary_percent=1.0, rotary_scaling_factor=40, original_max_position_embeddings=4096, beta_fast=32, beta_slow=1, mscale=1.0, mscale_all_dim=0.0, loss_subbatch_sequence_length=1024, fused_linear_ce_loss_chunk=0, dsa_index_n_heads=None, dsa_index_head_dim=128, dsa_index_topk=2048, dsa_indexer_loss_coeff=0.01, dsa_indexer_use_sparse_loss=False, dsa_indexer_rotary_interleaved=False, gpt_model_use_experimental_version=False, moe_topk_fusion=False, routing_map_fusion=False, vocab_size=151936, position_embedding_type='rope', max_sequence_length=1024, tie_word_embeddings=True, layer_types=None, fp16_lm_cross_entropy=False, make_vocab_size_divisible_by=128, seq_len_interpolation_factor=None, seq_length=1024, scatter_embedding_sequence_parallel=True, tp_only_amax_red=False, tp_comm_overlap_cfg=None, generation_config=None, should_pad_vocab=False, mtp_enabled=False, restore_modelopt_state=False, max_position_embeddings=40960, hidden_dropout=0.0, layernorm_epsilon=1e-06, persist_layer_norm=True, vha_enable_premix=True, vha_enable_postmix=True, vha_postmix_rank=4, vha_premix_init_alpha=0.1, attn_type='gqa'), 'layer_number': 20, 'hidden_dropout_prob': 0.0}()
[2026-05-24 19:53:11,047] [    INFO] pp_layers.py:899 - 22: <class 'paddlefleet.transformer.transformer_layer.TransformerLayer'>{'config': QwenBaseProvider(tensor_model_parallel_size=1, parallel_output=True, pipeline_model_parallel_comm_backend=None, pipeline_model_parallel_size=1, virtual_pipeline_model_parallel_size=None, sequence_parallel=False, context_parallel_size=1, hierarchical_context_parallel_sizes=None, expert_model_parallel_size=1, expert_tensor_parallel_size=1, moe_extended_tp=False, perform_initialization=True, use_cpu_initialization=False, fp16=False, bf16=True, params_dtype=<DataType.BFLOAT16: 16>, timers=None, finalize_model_grads_func=None, grad_scale_func=None, no_sync_func=None, grad_sync_func=None, param_sync_func=None, deterministic_mode=False, enable_autocast=False, autocast_dtype=<DataType.BFLOAT16: 16>, num_microbatches_with_partial_activation_checkpoints=None, fa_version=2, gradient_accumulation_fusion=False, async_tensor_model_parallel_allreduce=False, use_te_rng_tracker=False, tp_comm_overlap=False, tp_comm_bulk_wgrad=True, tp_comm_bulk_dgrad=True, tp_comm_overlap_ag=True, tp_comm_overlap_rs=True, tp_comm_overlap_rs_dgrad=False, tp_comm_split_ag=True, tp_comm_atomic_ag=False, tp_comm_split_rs=True, tp_comm_atomic_rs=False, cross_entropy_loss_fusion=False, cross_entropy_fusion_impl='native', tp_comm_overlap_disable_qkv=False, tp_comm_overlap_disable_fc1=False, tp_comm_bootstrap_backend='nccl', variable_seq_lengths=False, overlap_p2p_comm=False, batch_p2p_comm=True, batch_p2p_sync=True, deallocate_pipeline_outputs=True, defer_embedding_wgrad_compute=False, wgrad_deferral_limit=0, pipeline_model_parallel_split_rank=None, overlap_p2p_comm_warmup_flush=False, microbatch_group_size_per_vp_stage=1, delay_wgrad_compute=False, cpu_offloading=False, cpu_offloading_num_layers=0, _cpu_offloading_context=None, cpu_offloading_activations=True, cpu_offloading_weights=True, barrier_with_L1_time=True, num_hidden_layers=28, num_nextn_predict_layers=0, train_mtp_only=False, mtp_distillation_loss=False, mtp_num_layers=0, mtp_loss_scaling_factor=0.3, add_mtp_loss=True, mtp_load_weight_only=False, use_dense_mtp=False, separate_mtp_headloss=False, experimental_dataflow=False, num_empty_layers_add_in_head=0, num_empty_layers_add_in_tail=0, pipeline_model_parallel_layout=None, account_for_embedding_in_pipeline_split=False, account_for_loss_in_pipeline_split=False, hidden_size=2048, num_attention_heads=16, softmax_scale=None, softmax_type='vanilla', num_key_value_heads=8, init_method=functools.partial(<function normal_ at 0x76652e9d6340>, mean=0.0, std=0.02), head_dim=128, hidden_dropout_prob=0.0, attention_dropout=0.0, _attn_implementation='default', flashmask_use_varlen=False, intermediate_size=6144, gated_linear_unit=True, hidden_act=<function silu at 0x76652ea2b4c0>, use_bias=False, attention_bias=False, output_layer_init_method=functools.partial(<function normal_ at 0x76652e9d6340>, mean=0.0, std=0.002672612419124244), rotary_interleaved=False, multi_latent_attention=False, heterogeneous_block_specs=False, sliding_window=None, window_attn_skip_freq=None, calculate_per_token_loss=False, fp32_residual_connection=False, rope_scaling=1.0, rope_theta=1000000, apply_residual_connection_post_layernorm=False, activation_func_clamp_value=None, glu_linear_offset=0.0, multimodal_embedding=False, gated_attention=False, block_attention_residuals=False, attn_res_block_size=1, apply_query_key_layer_scaling=False, attention_softmax_in_fp32=False, high_precision_rope=False, bias_activation_fusion=True, masked_softmax_fusion=False, normalization='RMSNorm', use_qk_norm=True, qk_norm_fusion=False, qk_norm_type='per_head', rms_norm_eps=1e-05, layernorm_zero_centered_gamma=False, bias_dropout_fusion=True, apply_rope_fusion=False, sigmoid_gate_fusion=False, recompute_granularity=None, recompute_method=None, recompute_num_layers=None, recompute_modules=None, n_routed_experts=None, n_shared_experts=None, num_experts_per_tok=2, scoring_func='softmax', moe_intermediate_size=None, topk_method='greedy', moe_token_dispatcher_type='deepep', moe_use_fusion_node=True, moe_router_load_balancing_type='aux_loss', moe_layer_freq=1, first_k_dense_replace=None, moe_expert_capacity_factor=None, moe_pad_expert_input_to_capacity=False, moe_token_drop_policy='probs', router_aux_loss_coef=0.01, norm_topk_prob=True, n_group=1, topk_group=1, routed_scaling_factor=1.0, routed_scaling_factor_learnable=False, moe_dequant_input=False, moe_expert_fusion=True, moe_subbatch_token_num_before_dispatch=None, moe_subbatch_token_num_after_dispatch=None, use_auto_subbatch=False, moe_subbatch_diag=False, moe_grouped_gemm=False, router_z_loss_coef=None, moe_router_force_load_balancing=False, moe_router_fusion=False, moe_shared_expert_gate=False, moe_shared_expert_overlap=False, moe_deep_gemm=False, moe_ep_barrier=True, use_latent_moe=False, moe_latent_size=None, cp_comm_type=None, fp8=None, fp8_recipe='blockwise', fp8_wgrad=True, embedding_init_method=functools.partial(<function normal_ at 0x76652e9d6340>, mean=0.0, std=0.02), embedding_init_method_std=0.02, init_method_std=0.02, init_model_with_meta_device=False, is_hybrid_model=False, clone_scatter_output_in_embedding=True, using_sonic_moe=False, q_lora_rank=512, kv_lora_rank=512, qk_nope_head_dim=64, qk_rope_head_dim=64, v_head_dim=128, rope_type='yarn', rotary_base=1000000.0, rotary_percent=1.0, rotary_scaling_factor=40, original_max_position_embeddings=4096, beta_fast=32, beta_slow=1, mscale=1.0, mscale_all_dim=0.0, loss_subbatch_sequence_length=1024, fused_linear_ce_loss_chunk=0, dsa_index_n_heads=None, dsa_index_head_dim=128, dsa_index_topk=2048, dsa_indexer_loss_coeff=0.01, dsa_indexer_use_sparse_loss=False, dsa_indexer_rotary_interleaved=False, gpt_model_use_experimental_version=False, moe_topk_fusion=False, routing_map_fusion=False, vocab_size=151936, position_embedding_type='rope', max_sequence_length=1024, tie_word_embeddings=True, layer_types=None, fp16_lm_cross_entropy=False, make_vocab_size_divisible_by=128, seq_len_interpolation_factor=None, seq_length=1024, scatter_embedding_sequence_parallel=True, tp_only_amax_red=False, tp_comm_overlap_cfg=None, generation_config=None, should_pad_vocab=False, mtp_enabled=False, restore_modelopt_state=False, max_position_embeddings=40960, hidden_dropout=0.0, layernorm_epsilon=1e-06, persist_layer_norm=True, vha_enable_premix=True, vha_enable_postmix=True, vha_postmix_rank=4, vha_premix_init_alpha=0.1, attn_type='gqa'), 'layer_number': 21, 'hidden_dropout_prob': 0.0}()
[2026-05-24 19:53:11,047] [    INFO] pp_layers.py:899 - 23: <class 'paddlefleet.transformer.transformer_layer.TransformerLayer'>{'config': QwenBaseProvider(tensor_model_parallel_size=1, parallel_output=True, pipeline_model_parallel_comm_backend=None, pipeline_model_parallel_size=1, virtual_pipeline_model_parallel_size=None, sequence_parallel=False, context_parallel_size=1, hierarchical_context_parallel_sizes=None, expert_model_parallel_size=1, expert_tensor_parallel_size=1, moe_extended_tp=False, perform_initialization=True, use_cpu_initialization=False, fp16=False, bf16=True, params_dtype=<DataType.BFLOAT16: 16>, timers=None, finalize_model_grads_func=None, grad_scale_func=None, no_sync_func=None, grad_sync_func=None, param_sync_func=None, deterministic_mode=False, enable_autocast=False, autocast_dtype=<DataType.BFLOAT16: 16>, num_microbatches_with_partial_activation_checkpoints=None, fa_version=2, gradient_accumulation_fusion=False, async_tensor_model_parallel_allreduce=False, use_te_rng_tracker=False, tp_comm_overlap=False, tp_comm_bulk_wgrad=True, tp_comm_bulk_dgrad=True, tp_comm_overlap_ag=True, tp_comm_overlap_rs=True, tp_comm_overlap_rs_dgrad=False, tp_comm_split_ag=True, tp_comm_atomic_ag=False, tp_comm_split_rs=True, tp_comm_atomic_rs=False, cross_entropy_loss_fusion=False, cross_entropy_fusion_impl='native', tp_comm_overlap_disable_qkv=False, tp_comm_overlap_disable_fc1=False, tp_comm_bootstrap_backend='nccl', variable_seq_lengths=False, overlap_p2p_comm=False, batch_p2p_comm=True, batch_p2p_sync=True, deallocate_pipeline_outputs=True, defer_embedding_wgrad_compute=False, wgrad_deferral_limit=0, pipeline_model_parallel_split_rank=None, overlap_p2p_comm_warmup_flush=False, microbatch_group_size_per_vp_stage=1, delay_wgrad_compute=False, cpu_offloading=False, cpu_offloading_num_layers=0, _cpu_offloading_context=None, cpu_offloading_activations=True, cpu_offloading_weights=True, barrier_with_L1_time=True, num_hidden_layers=28, num_nextn_predict_layers=0, train_mtp_only=False, mtp_distillation_loss=False, mtp_num_layers=0, mtp_loss_scaling_factor=0.3, add_mtp_loss=True, mtp_load_weight_only=False, use_dense_mtp=False, separate_mtp_headloss=False, experimental_dataflow=False, num_empty_layers_add_in_head=0, num_empty_layers_add_in_tail=0, pipeline_model_parallel_layout=None, account_for_embedding_in_pipeline_split=False, account_for_loss_in_pipeline_split=False, hidden_size=2048, num_attention_heads=16, softmax_scale=None, softmax_type='vanilla', num_key_value_heads=8, init_method=functools.partial(<function normal_ at 0x76652e9d6340>, mean=0.0, std=0.02), head_dim=128, hidden_dropout_prob=0.0, attention_dropout=0.0, _attn_implementation='default', flashmask_use_varlen=False, intermediate_size=6144, gated_linear_unit=True, hidden_act=<function silu at 0x76652ea2b4c0>, use_bias=False, attention_bias=False, output_layer_init_method=functools.partial(<function normal_ at 0x76652e9d6340>, mean=0.0, std=0.002672612419124244), rotary_interleaved=False, multi_latent_attention=False, heterogeneous_block_specs=False, sliding_window=None, window_attn_skip_freq=None, calculate_per_token_loss=False, fp32_residual_connection=False, rope_scaling=1.0, rope_theta=1000000, apply_residual_connection_post_layernorm=False, activation_func_clamp_value=None, glu_linear_offset=0.0, multimodal_embedding=False, gated_attention=False, block_attention_residuals=False, attn_res_block_size=1, apply_query_key_layer_scaling=False, attention_softmax_in_fp32=False, high_precision_rope=False, bias_activation_fusion=True, masked_softmax_fusion=False, normalization='RMSNorm', use_qk_norm=True, qk_norm_fusion=False, qk_norm_type='per_head', rms_norm_eps=1e-05, layernorm_zero_centered_gamma=False, bias_dropout_fusion=True, apply_rope_fusion=False, sigmoid_gate_fusion=False, recompute_granularity=None, recompute_method=None, recompute_num_layers=None, recompute_modules=None, n_routed_experts=None, n_shared_experts=None, num_experts_per_tok=2, scoring_func='softmax', moe_intermediate_size=None, topk_method='greedy', moe_token_dispatcher_type='deepep', moe_use_fusion_node=True, moe_router_load_balancing_type='aux_loss', moe_layer_freq=1, first_k_dense_replace=None, moe_expert_capacity_factor=None, moe_pad_expert_input_to_capacity=False, moe_token_drop_policy='probs', router_aux_loss_coef=0.01, norm_topk_prob=True, n_group=1, topk_group=1, routed_scaling_factor=1.0, routed_scaling_factor_learnable=False, moe_dequant_input=False, moe_expert_fusion=True, moe_subbatch_token_num_before_dispatch=None, moe_subbatch_token_num_after_dispatch=None, use_auto_subbatch=False, moe_subbatch_diag=False, moe_grouped_gemm=False, router_z_loss_coef=None, moe_router_force_load_balancing=False, moe_router_fusion=False, moe_shared_expert_gate=False, moe_shared_expert_overlap=False, moe_deep_gemm=False, moe_ep_barrier=True, use_latent_moe=False, moe_latent_size=None, cp_comm_type=None, fp8=None, fp8_recipe='blockwise', fp8_wgrad=True, embedding_init_method=functools.partial(<function normal_ at 0x76652e9d6340>, mean=0.0, std=0.02), embedding_init_method_std=0.02, init_method_std=0.02, init_model_with_meta_device=False, is_hybrid_model=False, clone_scatter_output_in_embedding=True, using_sonic_moe=False, q_lora_rank=512, kv_lora_rank=512, qk_nope_head_dim=64, qk_rope_head_dim=64, v_head_dim=128, rope_type='yarn', rotary_base=1000000.0, rotary_percent=1.0, rotary_scaling_factor=40, original_max_position_embeddings=4096, beta_fast=32, beta_slow=1, mscale=1.0, mscale_all_dim=0.0, loss_subbatch_sequence_length=1024, fused_linear_ce_loss_chunk=0, dsa_index_n_heads=None, dsa_index_head_dim=128, dsa_index_topk=2048, dsa_indexer_loss_coeff=0.01, dsa_indexer_use_sparse_loss=False, dsa_indexer_rotary_interleaved=False, gpt_model_use_experimental_version=False, moe_topk_fusion=False, routing_map_fusion=False, vocab_size=151936, position_embedding_type='rope', max_sequence_length=1024, tie_word_embeddings=True, layer_types=None, fp16_lm_cross_entropy=False, make_vocab_size_divisible_by=128, seq_len_interpolation_factor=None, seq_length=1024, scatter_embedding_sequence_parallel=True, tp_only_amax_red=False, tp_comm_overlap_cfg=None, generation_config=None, should_pad_vocab=False, mtp_enabled=False, restore_modelopt_state=False, max_position_embeddings=40960, hidden_dropout=0.0, layernorm_epsilon=1e-06, persist_layer_norm=True, vha_enable_premix=True, vha_enable_postmix=True, vha_postmix_rank=4, vha_premix_init_alpha=0.1, attn_type='gqa'), 'layer_number': 22, 'hidden_dropout_prob': 0.0}()
[2026-05-24 19:53:11,047] [    INFO] pp_layers.py:899 - 24: <class 'paddlefleet.transformer.transformer_layer.TransformerLayer'>{'config': QwenBaseProvider(tensor_model_parallel_size=1, parallel_output=True, pipeline_model_parallel_comm_backend=None, pipeline_model_parallel_size=1, virtual_pipeline_model_parallel_size=None, sequence_parallel=False, context_parallel_size=1, hierarchical_context_parallel_sizes=None, expert_model_parallel_size=1, expert_tensor_parallel_size=1, moe_extended_tp=False, perform_initialization=True, use_cpu_initialization=False, fp16=False, bf16=True, params_dtype=<DataType.BFLOAT16: 16>, timers=None, finalize_model_grads_func=None, grad_scale_func=None, no_sync_func=None, grad_sync_func=None, param_sync_func=None, deterministic_mode=False, enable_autocast=False, autocast_dtype=<DataType.BFLOAT16: 16>, num_microbatches_with_partial_activation_checkpoints=None, fa_version=2, gradient_accumulation_fusion=False, async_tensor_model_parallel_allreduce=False, use_te_rng_tracker=False, tp_comm_overlap=False, tp_comm_bulk_wgrad=True, tp_comm_bulk_dgrad=True, tp_comm_overlap_ag=True, tp_comm_overlap_rs=True, tp_comm_overlap_rs_dgrad=False, tp_comm_split_ag=True, tp_comm_atomic_ag=False, tp_comm_split_rs=True, tp_comm_atomic_rs=False, cross_entropy_loss_fusion=False, cross_entropy_fusion_impl='native', tp_comm_overlap_disable_qkv=False, tp_comm_overlap_disable_fc1=False, tp_comm_bootstrap_backend='nccl', variable_seq_lengths=False, overlap_p2p_comm=False, batch_p2p_comm=True, batch_p2p_sync=True, deallocate_pipeline_outputs=True, defer_embedding_wgrad_compute=False, wgrad_deferral_limit=0, pipeline_model_parallel_split_rank=None, overlap_p2p_comm_warmup_flush=False, microbatch_group_size_per_vp_stage=1, delay_wgrad_compute=False, cpu_offloading=False, cpu_offloading_num_layers=0, _cpu_offloading_context=None, cpu_offloading_activations=True, cpu_offloading_weights=True, barrier_with_L1_time=True, num_hidden_layers=28, num_nextn_predict_layers=0, train_mtp_only=False, mtp_distillation_loss=False, mtp_num_layers=0, mtp_loss_scaling_factor=0.3, add_mtp_loss=True, mtp_load_weight_only=False, use_dense_mtp=False, separate_mtp_headloss=False, experimental_dataflow=False, num_empty_layers_add_in_head=0, num_empty_layers_add_in_tail=0, pipeline_model_parallel_layout=None, account_for_embedding_in_pipeline_split=False, account_for_loss_in_pipeline_split=False, hidden_size=2048, num_attention_heads=16, softmax_scale=None, softmax_type='vanilla', num_key_value_heads=8, init_method=functools.partial(<function normal_ at 0x76652e9d6340>, mean=0.0, std=0.02), head_dim=128, hidden_dropout_prob=0.0, attention_dropout=0.0, _attn_implementation='default', flashmask_use_varlen=False, intermediate_size=6144, gated_linear_unit=True, hidden_act=<function silu at 0x76652ea2b4c0>, use_bias=False, attention_bias=False, output_layer_init_method=functools.partial(<function normal_ at 0x76652e9d6340>, mean=0.0, std=0.002672612419124244), rotary_interleaved=False, multi_latent_attention=False, heterogeneous_block_specs=False, sliding_window=None, window_attn_skip_freq=None, calculate_per_token_loss=False, fp32_residual_connection=False, rope_scaling=1.0, rope_theta=1000000, apply_residual_connection_post_layernorm=False, activation_func_clamp_value=None, glu_linear_offset=0.0, multimodal_embedding=False, gated_attention=False, block_attention_residuals=False, attn_res_block_size=1, apply_query_key_layer_scaling=False, attention_softmax_in_fp32=False, high_precision_rope=False, bias_activation_fusion=True, masked_softmax_fusion=False, normalization='RMSNorm', use_qk_norm=True, qk_norm_fusion=False, qk_norm_type='per_head', rms_norm_eps=1e-05, layernorm_zero_centered_gamma=False, bias_dropout_fusion=True, apply_rope_fusion=False, sigmoid_gate_fusion=False, recompute_granularity=None, recompute_method=None, recompute_num_layers=None, recompute_modules=None, n_routed_experts=None, n_shared_experts=None, num_experts_per_tok=2, scoring_func='softmax', moe_intermediate_size=None, topk_method='greedy', moe_token_dispatcher_type='deepep', moe_use_fusion_node=True, moe_router_load_balancing_type='aux_loss', moe_layer_freq=1, first_k_dense_replace=None, moe_expert_capacity_factor=None, moe_pad_expert_input_to_capacity=False, moe_token_drop_policy='probs', router_aux_loss_coef=0.01, norm_topk_prob=True, n_group=1, topk_group=1, routed_scaling_factor=1.0, routed_scaling_factor_learnable=False, moe_dequant_input=False, moe_expert_fusion=True, moe_subbatch_token_num_before_dispatch=None, moe_subbatch_token_num_after_dispatch=None, use_auto_subbatch=False, moe_subbatch_diag=False, moe_grouped_gemm=False, router_z_loss_coef=None, moe_router_force_load_balancing=False, moe_router_fusion=False, moe_shared_expert_gate=False, moe_shared_expert_overlap=False, moe_deep_gemm=False, moe_ep_barrier=True, use_latent_moe=False, moe_latent_size=None, cp_comm_type=None, fp8=None, fp8_recipe='blockwise', fp8_wgrad=True, embedding_init_method=functools.partial(<function normal_ at 0x76652e9d6340>, mean=0.0, std=0.02), embedding_init_method_std=0.02, init_method_std=0.02, init_model_with_meta_device=False, is_hybrid_model=False, clone_scatter_output_in_embedding=True, using_sonic_moe=False, q_lora_rank=512, kv_lora_rank=512, qk_nope_head_dim=64, qk_rope_head_dim=64, v_head_dim=128, rope_type='yarn', rotary_base=1000000.0, rotary_percent=1.0, rotary_scaling_factor=40, original_max_position_embeddings=4096, beta_fast=32, beta_slow=1, mscale=1.0, mscale_all_dim=0.0, loss_subbatch_sequence_length=1024, fused_linear_ce_loss_chunk=0, dsa_index_n_heads=None, dsa_index_head_dim=128, dsa_index_topk=2048, dsa_indexer_loss_coeff=0.01, dsa_indexer_use_sparse_loss=False, dsa_indexer_rotary_interleaved=False, gpt_model_use_experimental_version=False, moe_topk_fusion=False, routing_map_fusion=False, vocab_size=151936, position_embedding_type='rope', max_sequence_length=1024, tie_word_embeddings=True, layer_types=None, fp16_lm_cross_entropy=False, make_vocab_size_divisible_by=128, seq_len_interpolation_factor=None, seq_length=1024, scatter_embedding_sequence_parallel=True, tp_only_amax_red=False, tp_comm_overlap_cfg=None, generation_config=None, should_pad_vocab=False, mtp_enabled=False, restore_modelopt_state=False, max_position_embeddings=40960, hidden_dropout=0.0, layernorm_epsilon=1e-06, persist_layer_norm=True, vha_enable_premix=True, vha_enable_postmix=True, vha_postmix_rank=4, vha_premix_init_alpha=0.1, attn_type='gqa'), 'layer_number': 23, 'hidden_dropout_prob': 0.0}()
[2026-05-24 19:53:11,048] [    INFO] pp_layers.py:899 - 25: <class 'paddlefleet.transformer.transformer_layer.TransformerLayer'>{'config': QwenBaseProvider(tensor_model_parallel_size=1, parallel_output=True, pipeline_model_parallel_comm_backend=None, pipeline_model_parallel_size=1, virtual_pipeline_model_parallel_size=None, sequence_parallel=False, context_parallel_size=1, hierarchical_context_parallel_sizes=None, expert_model_parallel_size=1, expert_tensor_parallel_size=1, moe_extended_tp=False, perform_initialization=True, use_cpu_initialization=False, fp16=False, bf16=True, params_dtype=<DataType.BFLOAT16: 16>, timers=None, finalize_model_grads_func=None, grad_scale_func=None, no_sync_func=None, grad_sync_func=None, param_sync_func=None, deterministic_mode=False, enable_autocast=False, autocast_dtype=<DataType.BFLOAT16: 16>, num_microbatches_with_partial_activation_checkpoints=None, fa_version=2, gradient_accumulation_fusion=False, async_tensor_model_parallel_allreduce=False, use_te_rng_tracker=False, tp_comm_overlap=False, tp_comm_bulk_wgrad=True, tp_comm_bulk_dgrad=True, tp_comm_overlap_ag=True, tp_comm_overlap_rs=True, tp_comm_overlap_rs_dgrad=False, tp_comm_split_ag=True, tp_comm_atomic_ag=False, tp_comm_split_rs=True, tp_comm_atomic_rs=False, cross_entropy_loss_fusion=False, cross_entropy_fusion_impl='native', tp_comm_overlap_disable_qkv=False, tp_comm_overlap_disable_fc1=False, tp_comm_bootstrap_backend='nccl', variable_seq_lengths=False, overlap_p2p_comm=False, batch_p2p_comm=True, batch_p2p_sync=True, deallocate_pipeline_outputs=True, defer_embedding_wgrad_compute=False, wgrad_deferral_limit=0, pipeline_model_parallel_split_rank=None, overlap_p2p_comm_warmup_flush=False, microbatch_group_size_per_vp_stage=1, delay_wgrad_compute=False, cpu_offloading=False, cpu_offloading_num_layers=0, _cpu_offloading_context=None, cpu_offloading_activations=True, cpu_offloading_weights=True, barrier_with_L1_time=True, num_hidden_layers=28, num_nextn_predict_layers=0, train_mtp_only=False, mtp_distillation_loss=False, mtp_num_layers=0, mtp_loss_scaling_factor=0.3, add_mtp_loss=True, mtp_load_weight_only=False, use_dense_mtp=False, separate_mtp_headloss=False, experimental_dataflow=False, num_empty_layers_add_in_head=0, num_empty_layers_add_in_tail=0, pipeline_model_parallel_layout=None, account_for_embedding_in_pipeline_split=False, account_for_loss_in_pipeline_split=False, hidden_size=2048, num_attention_heads=16, softmax_scale=None, softmax_type='vanilla', num_key_value_heads=8, init_method=functools.partial(<function normal_ at 0x76652e9d6340>, mean=0.0, std=0.02), head_dim=128, hidden_dropout_prob=0.0, attention_dropout=0.0, _attn_implementation='default', flashmask_use_varlen=False, intermediate_size=6144, gated_linear_unit=True, hidden_act=<function silu at 0x76652ea2b4c0>, use_bias=False, attention_bias=False, output_layer_init_method=functools.partial(<function normal_ at 0x76652e9d6340>, mean=0.0, std=0.002672612419124244), rotary_interleaved=False, multi_latent_attention=False, heterogeneous_block_specs=False, sliding_window=None, window_attn_skip_freq=None, calculate_per_token_loss=False, fp32_residual_connection=False, rope_scaling=1.0, rope_theta=1000000, apply_residual_connection_post_layernorm=False, activation_func_clamp_value=None, glu_linear_offset=0.0, multimodal_embedding=False, gated_attention=False, block_attention_residuals=False, attn_res_block_size=1, apply_query_key_layer_scaling=False, attention_softmax_in_fp32=False, high_precision_rope=False, bias_activation_fusion=True, masked_softmax_fusion=False, normalization='RMSNorm', use_qk_norm=True, qk_norm_fusion=False, qk_norm_type='per_head', rms_norm_eps=1e-05, layernorm_zero_centered_gamma=False, bias_dropout_fusion=True, apply_rope_fusion=False, sigmoid_gate_fusion=False, recompute_granularity=None, recompute_method=None, recompute_num_layers=None, recompute_modules=None, n_routed_experts=None, n_shared_experts=None, num_experts_per_tok=2, scoring_func='softmax', moe_intermediate_size=None, topk_method='greedy', moe_token_dispatcher_type='deepep', moe_use_fusion_node=True, moe_router_load_balancing_type='aux_loss', moe_layer_freq=1, first_k_dense_replace=None, moe_expert_capacity_factor=None, moe_pad_expert_input_to_capacity=False, moe_token_drop_policy='probs', router_aux_loss_coef=0.01, norm_topk_prob=True, n_group=1, topk_group=1, routed_scaling_factor=1.0, routed_scaling_factor_learnable=False, moe_dequant_input=False, moe_expert_fusion=True, moe_subbatch_token_num_before_dispatch=None, moe_subbatch_token_num_after_dispatch=None, use_auto_subbatch=False, moe_subbatch_diag=False, moe_grouped_gemm=False, router_z_loss_coef=None, moe_router_force_load_balancing=False, moe_router_fusion=False, moe_shared_expert_gate=False, moe_shared_expert_overlap=False, moe_deep_gemm=False, moe_ep_barrier=True, use_latent_moe=False, moe_latent_size=None, cp_comm_type=None, fp8=None, fp8_recipe='blockwise', fp8_wgrad=True, embedding_init_method=functools.partial(<function normal_ at 0x76652e9d6340>, mean=0.0, std=0.02), embedding_init_method_std=0.02, init_method_std=0.02, init_model_with_meta_device=False, is_hybrid_model=False, clone_scatter_output_in_embedding=True, using_sonic_moe=False, q_lora_rank=512, kv_lora_rank=512, qk_nope_head_dim=64, qk_rope_head_dim=64, v_head_dim=128, rope_type='yarn', rotary_base=1000000.0, rotary_percent=1.0, rotary_scaling_factor=40, original_max_position_embeddings=4096, beta_fast=32, beta_slow=1, mscale=1.0, mscale_all_dim=0.0, loss_subbatch_sequence_length=1024, fused_linear_ce_loss_chunk=0, dsa_index_n_heads=None, dsa_index_head_dim=128, dsa_index_topk=2048, dsa_indexer_loss_coeff=0.01, dsa_indexer_use_sparse_loss=False, dsa_indexer_rotary_interleaved=False, gpt_model_use_experimental_version=False, moe_topk_fusion=False, routing_map_fusion=False, vocab_size=151936, position_embedding_type='rope', max_sequence_length=1024, tie_word_embeddings=True, layer_types=None, fp16_lm_cross_entropy=False, make_vocab_size_divisible_by=128, seq_len_interpolation_factor=None, seq_length=1024, scatter_embedding_sequence_parallel=True, tp_only_amax_red=False, tp_comm_overlap_cfg=None, generation_config=None, should_pad_vocab=False, mtp_enabled=False, restore_modelopt_state=False, max_position_embeddings=40960, hidden_dropout=0.0, layernorm_epsilon=1e-06, persist_layer_norm=True, vha_enable_premix=True, vha_enable_postmix=True, vha_postmix_rank=4, vha_premix_init_alpha=0.1, attn_type='gqa'), 'layer_number': 24, 'hidden_dropout_prob': 0.0}()
[2026-05-24 19:53:11,048] [    INFO] pp_layers.py:899 - 26: <class 'paddlefleet.transformer.transformer_layer.TransformerLayer'>{'config': QwenBaseProvider(tensor_model_parallel_size=1, parallel_output=True, pipeline_model_parallel_comm_backend=None, pipeline_model_parallel_size=1, virtual_pipeline_model_parallel_size=None, sequence_parallel=False, context_parallel_size=1, hierarchical_context_parallel_sizes=None, expert_model_parallel_size=1, expert_tensor_parallel_size=1, moe_extended_tp=False, perform_initialization=True, use_cpu_initialization=False, fp16=False, bf16=True, params_dtype=<DataType.BFLOAT16: 16>, timers=None, finalize_model_grads_func=None, grad_scale_func=None, no_sync_func=None, grad_sync_func=None, param_sync_func=None, deterministic_mode=False, enable_autocast=False, autocast_dtype=<DataType.BFLOAT16: 16>, num_microbatches_with_partial_activation_checkpoints=None, fa_version=2, gradient_accumulation_fusion=False, async_tensor_model_parallel_allreduce=False, use_te_rng_tracker=False, tp_comm_overlap=False, tp_comm_bulk_wgrad=True, tp_comm_bulk_dgrad=True, tp_comm_overlap_ag=True, tp_comm_overlap_rs=True, tp_comm_overlap_rs_dgrad=False, tp_comm_split_ag=True, tp_comm_atomic_ag=False, tp_comm_split_rs=True, tp_comm_atomic_rs=False, cross_entropy_loss_fusion=False, cross_entropy_fusion_impl='native', tp_comm_overlap_disable_qkv=False, tp_comm_overlap_disable_fc1=False, tp_comm_bootstrap_backend='nccl', variable_seq_lengths=False, overlap_p2p_comm=False, batch_p2p_comm=True, batch_p2p_sync=True, deallocate_pipeline_outputs=True, defer_embedding_wgrad_compute=False, wgrad_deferral_limit=0, pipeline_model_parallel_split_rank=None, overlap_p2p_comm_warmup_flush=False, microbatch_group_size_per_vp_stage=1, delay_wgrad_compute=False, cpu_offloading=False, cpu_offloading_num_layers=0, _cpu_offloading_context=None, cpu_offloading_activations=True, cpu_offloading_weights=True, barrier_with_L1_time=True, num_hidden_layers=28, num_nextn_predict_layers=0, train_mtp_only=False, mtp_distillation_loss=False, mtp_num_layers=0, mtp_loss_scaling_factor=0.3, add_mtp_loss=True, mtp_load_weight_only=False, use_dense_mtp=False, separate_mtp_headloss=False, experimental_dataflow=False, num_empty_layers_add_in_head=0, num_empty_layers_add_in_tail=0, pipeline_model_parallel_layout=None, account_for_embedding_in_pipeline_split=False, account_for_loss_in_pipeline_split=False, hidden_size=2048, num_attention_heads=16, softmax_scale=None, softmax_type='vanilla', num_key_value_heads=8, init_method=functools.partial(<function normal_ at 0x76652e9d6340>, mean=0.0, std=0.02), head_dim=128, hidden_dropout_prob=0.0, attention_dropout=0.0, _attn_implementation='default', flashmask_use_varlen=False, intermediate_size=6144, gated_linear_unit=True, hidden_act=<function silu at 0x76652ea2b4c0>, use_bias=False, attention_bias=False, output_layer_init_method=functools.partial(<function normal_ at 0x76652e9d6340>, mean=0.0, std=0.002672612419124244), rotary_interleaved=False, multi_latent_attention=False, heterogeneous_block_specs=False, sliding_window=None, window_attn_skip_freq=None, calculate_per_token_loss=False, fp32_residual_connection=False, rope_scaling=1.0, rope_theta=1000000, apply_residual_connection_post_layernorm=False, activation_func_clamp_value=None, glu_linear_offset=0.0, multimodal_embedding=False, gated_attention=False, block_attention_residuals=False, attn_res_block_size=1, apply_query_key_layer_scaling=False, attention_softmax_in_fp32=False, high_precision_rope=False, bias_activation_fusion=True, masked_softmax_fusion=False, normalization='RMSNorm', use_qk_norm=True, qk_norm_fusion=False, qk_norm_type='per_head', rms_norm_eps=1e-05, layernorm_zero_centered_gamma=False, bias_dropout_fusion=True, apply_rope_fusion=False, sigmoid_gate_fusion=False, recompute_granularity=None, recompute_method=None, recompute_num_layers=None, recompute_modules=None, n_routed_experts=None, n_shared_experts=None, num_experts_per_tok=2, scoring_func='softmax', moe_intermediate_size=None, topk_method='greedy', moe_token_dispatcher_type='deepep', moe_use_fusion_node=True, moe_router_load_balancing_type='aux_loss', moe_layer_freq=1, first_k_dense_replace=None, moe_expert_capacity_factor=None, moe_pad_expert_input_to_capacity=False, moe_token_drop_policy='probs', router_aux_loss_coef=0.01, norm_topk_prob=True, n_group=1, topk_group=1, routed_scaling_factor=1.0, routed_scaling_factor_learnable=False, moe_dequant_input=False, moe_expert_fusion=True, moe_subbatch_token_num_before_dispatch=None, moe_subbatch_token_num_after_dispatch=None, use_auto_subbatch=False, moe_subbatch_diag=False, moe_grouped_gemm=False, router_z_loss_coef=None, moe_router_force_load_balancing=False, moe_router_fusion=False, moe_shared_expert_gate=False, moe_shared_expert_overlap=False, moe_deep_gemm=False, moe_ep_barrier=True, use_latent_moe=False, moe_latent_size=None, cp_comm_type=None, fp8=None, fp8_recipe='blockwise', fp8_wgrad=True, embedding_init_method=functools.partial(<function normal_ at 0x76652e9d6340>, mean=0.0, std=0.02), embedding_init_method_std=0.02, init_method_std=0.02, init_model_with_meta_device=False, is_hybrid_model=False, clone_scatter_output_in_embedding=True, using_sonic_moe=False, q_lora_rank=512, kv_lora_rank=512, qk_nope_head_dim=64, qk_rope_head_dim=64, v_head_dim=128, rope_type='yarn', rotary_base=1000000.0, rotary_percent=1.0, rotary_scaling_factor=40, original_max_position_embeddings=4096, beta_fast=32, beta_slow=1, mscale=1.0, mscale_all_dim=0.0, loss_subbatch_sequence_length=1024, fused_linear_ce_loss_chunk=0, dsa_index_n_heads=None, dsa_index_head_dim=128, dsa_index_topk=2048, dsa_indexer_loss_coeff=0.01, dsa_indexer_use_sparse_loss=False, dsa_indexer_rotary_interleaved=False, gpt_model_use_experimental_version=False, moe_topk_fusion=False, routing_map_fusion=False, vocab_size=151936, position_embedding_type='rope', max_sequence_length=1024, tie_word_embeddings=True, layer_types=None, fp16_lm_cross_entropy=False, make_vocab_size_divisible_by=128, seq_len_interpolation_factor=None, seq_length=1024, scatter_embedding_sequence_parallel=True, tp_only_amax_red=False, tp_comm_overlap_cfg=None, generation_config=None, should_pad_vocab=False, mtp_enabled=False, restore_modelopt_state=False, max_position_embeddings=40960, hidden_dropout=0.0, layernorm_epsilon=1e-06, persist_layer_norm=True, vha_enable_premix=True, vha_enable_postmix=True, vha_postmix_rank=4, vha_premix_init_alpha=0.1, attn_type='gqa'), 'layer_number': 25, 'hidden_dropout_prob': 0.0}()
[2026-05-24 19:53:11,048] [    INFO] pp_layers.py:899 - 27: <class 'paddlefleet.transformer.transformer_layer.TransformerLayer'>{'config': QwenBaseProvider(tensor_model_parallel_size=1, parallel_output=True, pipeline_model_parallel_comm_backend=None, pipeline_model_parallel_size=1, virtual_pipeline_model_parallel_size=None, sequence_parallel=False, context_parallel_size=1, hierarchical_context_parallel_sizes=None, expert_model_parallel_size=1, expert_tensor_parallel_size=1, moe_extended_tp=False, perform_initialization=True, use_cpu_initialization=False, fp16=False, bf16=True, params_dtype=<DataType.BFLOAT16: 16>, timers=None, finalize_model_grads_func=None, grad_scale_func=None, no_sync_func=None, grad_sync_func=None, param_sync_func=None, deterministic_mode=False, enable_autocast=False, autocast_dtype=<DataType.BFLOAT16: 16>, num_microbatches_with_partial_activation_checkpoints=None, fa_version=2, gradient_accumulation_fusion=False, async_tensor_model_parallel_allreduce=False, use_te_rng_tracker=False, tp_comm_overlap=False, tp_comm_bulk_wgrad=True, tp_comm_bulk_dgrad=True, tp_comm_overlap_ag=True, tp_comm_overlap_rs=True, tp_comm_overlap_rs_dgrad=False, tp_comm_split_ag=True, tp_comm_atomic_ag=False, tp_comm_split_rs=True, tp_comm_atomic_rs=False, cross_entropy_loss_fusion=False, cross_entropy_fusion_impl='native', tp_comm_overlap_disable_qkv=False, tp_comm_overlap_disable_fc1=False, tp_comm_bootstrap_backend='nccl', variable_seq_lengths=False, overlap_p2p_comm=False, batch_p2p_comm=True, batch_p2p_sync=True, deallocate_pipeline_outputs=True, defer_embedding_wgrad_compute=False, wgrad_deferral_limit=0, pipeline_model_parallel_split_rank=None, overlap_p2p_comm_warmup_flush=False, microbatch_group_size_per_vp_stage=1, delay_wgrad_compute=False, cpu_offloading=False, cpu_offloading_num_layers=0, _cpu_offloading_context=None, cpu_offloading_activations=True, cpu_offloading_weights=True, barrier_with_L1_time=True, num_hidden_layers=28, num_nextn_predict_layers=0, train_mtp_only=False, mtp_distillation_loss=False, mtp_num_layers=0, mtp_loss_scaling_factor=0.3, add_mtp_loss=True, mtp_load_weight_only=False, use_dense_mtp=False, separate_mtp_headloss=False, experimental_dataflow=False, num_empty_layers_add_in_head=0, num_empty_layers_add_in_tail=0, pipeline_model_parallel_layout=None, account_for_embedding_in_pipeline_split=False, account_for_loss_in_pipeline_split=False, hidden_size=2048, num_attention_heads=16, softmax_scale=None, softmax_type='vanilla', num_key_value_heads=8, init_method=functools.partial(<function normal_ at 0x76652e9d6340>, mean=0.0, std=0.02), head_dim=128, hidden_dropout_prob=0.0, attention_dropout=0.0, _attn_implementation='default', flashmask_use_varlen=False, intermediate_size=6144, gated_linear_unit=True, hidden_act=<function silu at 0x76652ea2b4c0>, use_bias=False, attention_bias=False, output_layer_init_method=functools.partial(<function normal_ at 0x76652e9d6340>, mean=0.0, std=0.002672612419124244), rotary_interleaved=False, multi_latent_attention=False, heterogeneous_block_specs=False, sliding_window=None, window_attn_skip_freq=None, calculate_per_token_loss=False, fp32_residual_connection=False, rope_scaling=1.0, rope_theta=1000000, apply_residual_connection_post_layernorm=False, activation_func_clamp_value=None, glu_linear_offset=0.0, multimodal_embedding=False, gated_attention=False, block_attention_residuals=False, attn_res_block_size=1, apply_query_key_layer_scaling=False, attention_softmax_in_fp32=False, high_precision_rope=False, bias_activation_fusion=True, masked_softmax_fusion=False, normalization='RMSNorm', use_qk_norm=True, qk_norm_fusion=False, qk_norm_type='per_head', rms_norm_eps=1e-05, layernorm_zero_centered_gamma=False, bias_dropout_fusion=True, apply_rope_fusion=False, sigmoid_gate_fusion=False, recompute_granularity=None, recompute_method=None, recompute_num_layers=None, recompute_modules=None, n_routed_experts=None, n_shared_experts=None, num_experts_per_tok=2, scoring_func='softmax', moe_intermediate_size=None, topk_method='greedy', moe_token_dispatcher_type='deepep', moe_use_fusion_node=True, moe_router_load_balancing_type='aux_loss', moe_layer_freq=1, first_k_dense_replace=None, moe_expert_capacity_factor=None, moe_pad_expert_input_to_capacity=False, moe_token_drop_policy='probs', router_aux_loss_coef=0.01, norm_topk_prob=True, n_group=1, topk_group=1, routed_scaling_factor=1.0, routed_scaling_factor_learnable=False, moe_dequant_input=False, moe_expert_fusion=True, moe_subbatch_token_num_before_dispatch=None, moe_subbatch_token_num_after_dispatch=None, use_auto_subbatch=False, moe_subbatch_diag=False, moe_grouped_gemm=False, router_z_loss_coef=None, moe_router_force_load_balancing=False, moe_router_fusion=False, moe_shared_expert_gate=False, moe_shared_expert_overlap=False, moe_deep_gemm=False, moe_ep_barrier=True, use_latent_moe=False, moe_latent_size=None, cp_comm_type=None, fp8=None, fp8_recipe='blockwise', fp8_wgrad=True, embedding_init_method=functools.partial(<function normal_ at 0x76652e9d6340>, mean=0.0, std=0.02), embedding_init_method_std=0.02, init_method_std=0.02, init_model_with_meta_device=False, is_hybrid_model=False, clone_scatter_output_in_embedding=True, using_sonic_moe=False, q_lora_rank=512, kv_lora_rank=512, qk_nope_head_dim=64, qk_rope_head_dim=64, v_head_dim=128, rope_type='yarn', rotary_base=1000000.0, rotary_percent=1.0, rotary_scaling_factor=40, original_max_position_embeddings=4096, beta_fast=32, beta_slow=1, mscale=1.0, mscale_all_dim=0.0, loss_subbatch_sequence_length=1024, fused_linear_ce_loss_chunk=0, dsa_index_n_heads=None, dsa_index_head_dim=128, dsa_index_topk=2048, dsa_indexer_loss_coeff=0.01, dsa_indexer_use_sparse_loss=False, dsa_indexer_rotary_interleaved=False, gpt_model_use_experimental_version=False, moe_topk_fusion=False, routing_map_fusion=False, vocab_size=151936, position_embedding_type='rope', max_sequence_length=1024, tie_word_embeddings=True, layer_types=None, fp16_lm_cross_entropy=False, make_vocab_size_divisible_by=128, seq_len_interpolation_factor=None, seq_length=1024, scatter_embedding_sequence_parallel=True, tp_only_amax_red=False, tp_comm_overlap_cfg=None, generation_config=None, should_pad_vocab=False, mtp_enabled=False, restore_modelopt_state=False, max_position_embeddings=40960, hidden_dropout=0.0, layernorm_epsilon=1e-06, persist_layer_norm=True, vha_enable_premix=True, vha_enable_postmix=True, vha_postmix_rank=4, vha_premix_init_alpha=0.1, attn_type='gqa'), 'layer_number': 26, 'hidden_dropout_prob': 0.0}()
[2026-05-24 19:53:11,048] [    INFO] pp_layers.py:899 - 28: <class 'paddlefleet.transformer.transformer_layer.TransformerLayer'>{'config': QwenBaseProvider(tensor_model_parallel_size=1, parallel_output=True, pipeline_model_parallel_comm_backend=None, pipeline_model_parallel_size=1, virtual_pipeline_model_parallel_size=None, sequence_parallel=False, context_parallel_size=1, hierarchical_context_parallel_sizes=None, expert_model_parallel_size=1, expert_tensor_parallel_size=1, moe_extended_tp=False, perform_initialization=True, use_cpu_initialization=False, fp16=False, bf16=True, params_dtype=<DataType.BFLOAT16: 16>, timers=None, finalize_model_grads_func=None, grad_scale_func=None, no_sync_func=None, grad_sync_func=None, param_sync_func=None, deterministic_mode=False, enable_autocast=False, autocast_dtype=<DataType.BFLOAT16: 16>, num_microbatches_with_partial_activation_checkpoints=None, fa_version=2, gradient_accumulation_fusion=False, async_tensor_model_parallel_allreduce=False, use_te_rng_tracker=False, tp_comm_overlap=False, tp_comm_bulk_wgrad=True, tp_comm_bulk_dgrad=True, tp_comm_overlap_ag=True, tp_comm_overlap_rs=True, tp_comm_overlap_rs_dgrad=False, tp_comm_split_ag=True, tp_comm_atomic_ag=False, tp_comm_split_rs=True, tp_comm_atomic_rs=False, cross_entropy_loss_fusion=False, cross_entropy_fusion_impl='native', tp_comm_overlap_disable_qkv=False, tp_comm_overlap_disable_fc1=False, tp_comm_bootstrap_backend='nccl', variable_seq_lengths=False, overlap_p2p_comm=False, batch_p2p_comm=True, batch_p2p_sync=True, deallocate_pipeline_outputs=True, defer_embedding_wgrad_compute=False, wgrad_deferral_limit=0, pipeline_model_parallel_split_rank=None, overlap_p2p_comm_warmup_flush=False, microbatch_group_size_per_vp_stage=1, delay_wgrad_compute=False, cpu_offloading=False, cpu_offloading_num_layers=0, _cpu_offloading_context=None, cpu_offloading_activations=True, cpu_offloading_weights=True, barrier_with_L1_time=True, num_hidden_layers=28, num_nextn_predict_layers=0, train_mtp_only=False, mtp_distillation_loss=False, mtp_num_layers=0, mtp_loss_scaling_factor=0.3, add_mtp_loss=True, mtp_load_weight_only=False, use_dense_mtp=False, separate_mtp_headloss=False, experimental_dataflow=False, num_empty_layers_add_in_head=0, num_empty_layers_add_in_tail=0, pipeline_model_parallel_layout=None, account_for_embedding_in_pipeline_split=False, account_for_loss_in_pipeline_split=False, hidden_size=2048, num_attention_heads=16, softmax_scale=None, softmax_type='vanilla', num_key_value_heads=8, init_method=functools.partial(<function normal_ at 0x76652e9d6340>, mean=0.0, std=0.02), head_dim=128, hidden_dropout_prob=0.0, attention_dropout=0.0, _attn_implementation='default', flashmask_use_varlen=False, intermediate_size=6144, gated_linear_unit=True, hidden_act=<function silu at 0x76652ea2b4c0>, use_bias=False, attention_bias=False, output_layer_init_method=functools.partial(<function normal_ at 0x76652e9d6340>, mean=0.0, std=0.002672612419124244), rotary_interleaved=False, multi_latent_attention=False, heterogeneous_block_specs=False, sliding_window=None, window_attn_skip_freq=None, calculate_per_token_loss=False, fp32_residual_connection=False, rope_scaling=1.0, rope_theta=1000000, apply_residual_connection_post_layernorm=False, activation_func_clamp_value=None, glu_linear_offset=0.0, multimodal_embedding=False, gated_attention=False, block_attention_residuals=False, attn_res_block_size=1, apply_query_key_layer_scaling=False, attention_softmax_in_fp32=False, high_precision_rope=False, bias_activation_fusion=True, masked_softmax_fusion=False, normalization='RMSNorm', use_qk_norm=True, qk_norm_fusion=False, qk_norm_type='per_head', rms_norm_eps=1e-05, layernorm_zero_centered_gamma=False, bias_dropout_fusion=True, apply_rope_fusion=False, sigmoid_gate_fusion=False, recompute_granularity=None, recompute_method=None, recompute_num_layers=None, recompute_modules=None, n_routed_experts=None, n_shared_experts=None, num_experts_per_tok=2, scoring_func='softmax', moe_intermediate_size=None, topk_method='greedy', moe_token_dispatcher_type='deepep', moe_use_fusion_node=True, moe_router_load_balancing_type='aux_loss', moe_layer_freq=1, first_k_dense_replace=None, moe_expert_capacity_factor=None, moe_pad_expert_input_to_capacity=False, moe_token_drop_policy='probs', router_aux_loss_coef=0.01, norm_topk_prob=True, n_group=1, topk_group=1, routed_scaling_factor=1.0, routed_scaling_factor_learnable=False, moe_dequant_input=False, moe_expert_fusion=True, moe_subbatch_token_num_before_dispatch=None, moe_subbatch_token_num_after_dispatch=None, use_auto_subbatch=False, moe_subbatch_diag=False, moe_grouped_gemm=False, router_z_loss_coef=None, moe_router_force_load_balancing=False, moe_router_fusion=False, moe_shared_expert_gate=False, moe_shared_expert_overlap=False, moe_deep_gemm=False, moe_ep_barrier=True, use_latent_moe=False, moe_latent_size=None, cp_comm_type=None, fp8=None, fp8_recipe='blockwise', fp8_wgrad=True, embedding_init_method=functools.partial(<function normal_ at 0x76652e9d6340>, mean=0.0, std=0.02), embedding_init_method_std=0.02, init_method_std=0.02, init_model_with_meta_device=False, is_hybrid_model=False, clone_scatter_output_in_embedding=True, using_sonic_moe=False, q_lora_rank=512, kv_lora_rank=512, qk_nope_head_dim=64, qk_rope_head_dim=64, v_head_dim=128, rope_type='yarn', rotary_base=1000000.0, rotary_percent=1.0, rotary_scaling_factor=40, original_max_position_embeddings=4096, beta_fast=32, beta_slow=1, mscale=1.0, mscale_all_dim=0.0, loss_subbatch_sequence_length=1024, fused_linear_ce_loss_chunk=0, dsa_index_n_heads=None, dsa_index_head_dim=128, dsa_index_topk=2048, dsa_indexer_loss_coeff=0.01, dsa_indexer_use_sparse_loss=False, dsa_indexer_rotary_interleaved=False, gpt_model_use_experimental_version=False, moe_topk_fusion=False, routing_map_fusion=False, vocab_size=151936, position_embedding_type='rope', max_sequence_length=1024, tie_word_embeddings=True, layer_types=None, fp16_lm_cross_entropy=False, make_vocab_size_divisible_by=128, seq_len_interpolation_factor=None, seq_length=1024, scatter_embedding_sequence_parallel=True, tp_only_amax_red=False, tp_comm_overlap_cfg=None, generation_config=None, should_pad_vocab=False, mtp_enabled=False, restore_modelopt_state=False, max_position_embeddings=40960, hidden_dropout=0.0, layernorm_epsilon=1e-06, persist_layer_norm=True, vha_enable_premix=True, vha_enable_postmix=True, vha_postmix_rank=4, vha_premix_init_alpha=0.1, attn_type='gqa'), 'layer_number': 27, 'hidden_dropout_prob': 0.0}()
[2026-05-24 19:53:11,048] [    INFO] pp_layers.py:899 - 29: <class 'paddlefleet.transformer.paddle_norm.WrappedPaddleNormPipe'>{'config': QwenBaseProvider(tensor_model_parallel_size=1, parallel_output=True, pipeline_model_parallel_comm_backend=None, pipeline_model_parallel_size=1, virtual_pipeline_model_parallel_size=None, sequence_parallel=False, context_parallel_size=1, hierarchical_context_parallel_sizes=None, expert_model_parallel_size=1, expert_tensor_parallel_size=1, moe_extended_tp=False, perform_initialization=True, use_cpu_initialization=False, fp16=False, bf16=True, params_dtype=<DataType.BFLOAT16: 16>, timers=None, finalize_model_grads_func=None, grad_scale_func=None, no_sync_func=None, grad_sync_func=None, param_sync_func=None, deterministic_mode=False, enable_autocast=False, autocast_dtype=<DataType.BFLOAT16: 16>, num_microbatches_with_partial_activation_checkpoints=None, fa_version=2, gradient_accumulation_fusion=False, async_tensor_model_parallel_allreduce=False, use_te_rng_tracker=False, tp_comm_overlap=False, tp_comm_bulk_wgrad=True, tp_comm_bulk_dgrad=True, tp_comm_overlap_ag=True, tp_comm_overlap_rs=True, tp_comm_overlap_rs_dgrad=False, tp_comm_split_ag=True, tp_comm_atomic_ag=False, tp_comm_split_rs=True, tp_comm_atomic_rs=False, cross_entropy_loss_fusion=False, cross_entropy_fusion_impl='native', tp_comm_overlap_disable_qkv=False, tp_comm_overlap_disable_fc1=False, tp_comm_bootstrap_backend='nccl', variable_seq_lengths=False, overlap_p2p_comm=False, batch_p2p_comm=True, batch_p2p_sync=True, deallocate_pipeline_outputs=True, defer_embedding_wgrad_compute=False, wgrad_deferral_limit=0, pipeline_model_parallel_split_rank=None, overlap_p2p_comm_warmup_flush=False, microbatch_group_size_per_vp_stage=1, delay_wgrad_compute=False, cpu_offloading=False, cpu_offloading_num_layers=0, _cpu_offloading_context=None, cpu_offloading_activations=True, cpu_offloading_weights=True, barrier_with_L1_time=True, num_hidden_layers=28, num_nextn_predict_layers=0, train_mtp_only=False, mtp_distillation_loss=False, mtp_num_layers=0, mtp_loss_scaling_factor=0.3, add_mtp_loss=True, mtp_load_weight_only=False, use_dense_mtp=False, separate_mtp_headloss=False, experimental_dataflow=False, num_empty_layers_add_in_head=0, num_empty_layers_add_in_tail=0, pipeline_model_parallel_layout=None, account_for_embedding_in_pipeline_split=False, account_for_loss_in_pipeline_split=False, hidden_size=2048, num_attention_heads=16, softmax_scale=None, softmax_type='vanilla', num_key_value_heads=8, init_method=functools.partial(<function normal_ at 0x76652e9d6340>, mean=0.0, std=0.02), head_dim=128, hidden_dropout_prob=0.0, attention_dropout=0.0, _attn_implementation='default', flashmask_use_varlen=False, intermediate_size=6144, gated_linear_unit=True, hidden_act=<function silu at 0x76652ea2b4c0>, use_bias=False, attention_bias=False, output_layer_init_method=functools.partial(<function normal_ at 0x76652e9d6340>, mean=0.0, std=0.002672612419124244), rotary_interleaved=False, multi_latent_attention=False, heterogeneous_block_specs=False, sliding_window=None, window_attn_skip_freq=None, calculate_per_token_loss=False, fp32_residual_connection=False, rope_scaling=1.0, rope_theta=1000000, apply_residual_connection_post_layernorm=False, activation_func_clamp_value=None, glu_linear_offset=0.0, multimodal_embedding=False, gated_attention=False, block_attention_residuals=False, attn_res_block_size=1, apply_query_key_layer_scaling=False, attention_softmax_in_fp32=False, high_precision_rope=False, bias_activation_fusion=True, masked_softmax_fusion=False, normalization='RMSNorm', use_qk_norm=True, qk_norm_fusion=False, qk_norm_type='per_head', rms_norm_eps=1e-05, layernorm_zero_centered_gamma=False, bias_dropout_fusion=True, apply_rope_fusion=False, sigmoid_gate_fusion=False, recompute_granularity=None, recompute_method=None, recompute_num_layers=None, recompute_modules=None, n_routed_experts=None, n_shared_experts=None, num_experts_per_tok=2, scoring_func='softmax', moe_intermediate_size=None, topk_method='greedy', moe_token_dispatcher_type='deepep', moe_use_fusion_node=True, moe_router_load_balancing_type='aux_loss', moe_layer_freq=1, first_k_dense_replace=None, moe_expert_capacity_factor=None, moe_pad_expert_input_to_capacity=False, moe_token_drop_policy='probs', router_aux_loss_coef=0.01, norm_topk_prob=True, n_group=1, topk_group=1, routed_scaling_factor=1.0, routed_scaling_factor_learnable=False, moe_dequant_input=False, moe_expert_fusion=True, moe_subbatch_token_num_before_dispatch=None, moe_subbatch_token_num_after_dispatch=None, use_auto_subbatch=False, moe_subbatch_diag=False, moe_grouped_gemm=False, router_z_loss_coef=None, moe_router_force_load_balancing=False, moe_router_fusion=False, moe_shared_expert_gate=False, moe_shared_expert_overlap=False, moe_deep_gemm=False, moe_ep_barrier=True, use_latent_moe=False, moe_latent_size=None, cp_comm_type=None, fp8=None, fp8_recipe='blockwise', fp8_wgrad=True, embedding_init_method=functools.partial(<function normal_ at 0x76652e9d6340>, mean=0.0, std=0.02), embedding_init_method_std=0.02, init_method_std=0.02, init_model_with_meta_device=False, is_hybrid_model=False, clone_scatter_output_in_embedding=True, using_sonic_moe=False, q_lora_rank=512, kv_lora_rank=512, qk_nope_head_dim=64, qk_rope_head_dim=64, v_head_dim=128, rope_type='yarn', rotary_base=1000000.0, rotary_percent=1.0, rotary_scaling_factor=40, original_max_position_embeddings=4096, beta_fast=32, beta_slow=1, mscale=1.0, mscale_all_dim=0.0, loss_subbatch_sequence_length=1024, fused_linear_ce_loss_chunk=0, dsa_index_n_heads=None, dsa_index_head_dim=128, dsa_index_topk=2048, dsa_indexer_loss_coeff=0.01, dsa_indexer_use_sparse_loss=False, dsa_indexer_rotary_interleaved=False, gpt_model_use_experimental_version=False, moe_topk_fusion=False, routing_map_fusion=False, vocab_size=151936, position_embedding_type='rope', max_sequence_length=1024, tie_word_embeddings=True, layer_types=None, fp16_lm_cross_entropy=False, make_vocab_size_divisible_by=128, seq_len_interpolation_factor=None, seq_length=1024, scatter_embedding_sequence_parallel=True, tp_only_amax_red=False, tp_comm_overlap_cfg=None, generation_config=None, should_pad_vocab=False, mtp_enabled=False, restore_modelopt_state=False, max_position_embeddings=40960, hidden_dropout=0.0, layernorm_epsilon=1e-06, persist_layer_norm=True, vha_enable_premix=True, vha_enable_postmix=True, vha_postmix_rank=4, vha_premix_init_alpha=0.1, attn_type='gqa'), 'hidden_size': 2048, 'eps': 1e-05, 'input_is_parallel': False}()
[2026-05-24 19:53:11,048] [    INFO] pp_layers.py:899 - 30: <class 'paddlefleet.models.gpt.lm_head.GPTLMHead'>{'input_size': 2048, 'output_size': 151936, 'config': QwenBaseProvider(tensor_model_parallel_size=1, parallel_output=True, pipeline_model_parallel_comm_backend=None, pipeline_model_parallel_size=1, virtual_pipeline_model_parallel_size=None, sequence_parallel=False, context_parallel_size=1, hierarchical_context_parallel_sizes=None, expert_model_parallel_size=1, expert_tensor_parallel_size=1, moe_extended_tp=False, perform_initialization=True, use_cpu_initialization=False, fp16=False, bf16=True, params_dtype=<DataType.BFLOAT16: 16>, timers=None, finalize_model_grads_func=None, grad_scale_func=None, no_sync_func=None, grad_sync_func=None, param_sync_func=None, deterministic_mode=False, enable_autocast=False, autocast_dtype=<DataType.BFLOAT16: 16>, num_microbatches_with_partial_activation_checkpoints=None, fa_version=2, gradient_accumulation_fusion=False, async_tensor_model_parallel_allreduce=False, use_te_rng_tracker=False, tp_comm_overlap=False, tp_comm_bulk_wgrad=True, tp_comm_bulk_dgrad=True, tp_comm_overlap_ag=True, tp_comm_overlap_rs=True, tp_comm_overlap_rs_dgrad=False, tp_comm_split_ag=True, tp_comm_atomic_ag=False, tp_comm_split_rs=True, tp_comm_atomic_rs=False, cross_entropy_loss_fusion=False, cross_entropy_fusion_impl='native', tp_comm_overlap_disable_qkv=False, tp_comm_overlap_disable_fc1=False, tp_comm_bootstrap_backend='nccl', variable_seq_lengths=False, overlap_p2p_comm=False, batch_p2p_comm=True, batch_p2p_sync=True, deallocate_pipeline_outputs=True, defer_embedding_wgrad_compute=False, wgrad_deferral_limit=0, pipeline_model_parallel_split_rank=None, overlap_p2p_comm_warmup_flush=False, microbatch_group_size_per_vp_stage=1, delay_wgrad_compute=False, cpu_offloading=False, cpu_offloading_num_layers=0, _cpu_offloading_context=None, cpu_offloading_activations=True, cpu_offloading_weights=True, barrier_with_L1_time=True, num_hidden_layers=28, num_nextn_predict_layers=0, train_mtp_only=False, mtp_distillation_loss=False, mtp_num_layers=0, mtp_loss_scaling_factor=0.3, add_mtp_loss=True, mtp_load_weight_only=False, use_dense_mtp=False, separate_mtp_headloss=False, experimental_dataflow=False, num_empty_layers_add_in_head=0, num_empty_layers_add_in_tail=0, pipeline_model_parallel_layout=None, account_for_embedding_in_pipeline_split=False, account_for_loss_in_pipeline_split=False, hidden_size=2048, num_attention_heads=16, softmax_scale=None, softmax_type='vanilla', num_key_value_heads=8, init_method=functools.partial(<function normal_ at 0x76652e9d6340>, mean=0.0, std=0.02), head_dim=128, hidden_dropout_prob=0.0, attention_dropout=0.0, _attn_implementation='default', flashmask_use_varlen=False, intermediate_size=6144, gated_linear_unit=True, hidden_act=<function silu at 0x76652ea2b4c0>, use_bias=False, attention_bias=False, output_layer_init_method=functools.partial(<function normal_ at 0x76652e9d6340>, mean=0.0, std=0.002672612419124244), rotary_interleaved=False, multi_latent_attention=False, heterogeneous_block_specs=False, sliding_window=None, window_attn_skip_freq=None, calculate_per_token_loss=False, fp32_residual_connection=False, rope_scaling=1.0, rope_theta=1000000, apply_residual_connection_post_layernorm=False, activation_func_clamp_value=None, glu_linear_offset=0.0, multimodal_embedding=False, gated_attention=False, block_attention_residuals=False, attn_res_block_size=1, apply_query_key_layer_scaling=False, attention_softmax_in_fp32=False, high_precision_rope=False, bias_activation_fusion=True, masked_softmax_fusion=False, normalization='RMSNorm', use_qk_norm=True, qk_norm_fusion=False, qk_norm_type='per_head', rms_norm_eps=1e-05, layernorm_zero_centered_gamma=False, bias_dropout_fusion=True, apply_rope_fusion=False, sigmoid_gate_fusion=False, recompute_granularity=None, recompute_method=None, recompute_num_layers=None, recompute_modules=None, n_routed_experts=None, n_shared_experts=None, num_experts_per_tok=2, scoring_func='softmax', moe_intermediate_size=None, topk_method='greedy', moe_token_dispatcher_type='deepep', moe_use_fusion_node=True, moe_router_load_balancing_type='aux_loss', moe_layer_freq=1, first_k_dense_replace=None, moe_expert_capacity_factor=None, moe_pad_expert_input_to_capacity=False, moe_token_drop_policy='probs', router_aux_loss_coef=0.01, norm_topk_prob=True, n_group=1, topk_group=1, routed_scaling_factor=1.0, routed_scaling_factor_learnable=False, moe_dequant_input=False, moe_expert_fusion=True, moe_subbatch_token_num_before_dispatch=None, moe_subbatch_token_num_after_dispatch=None, use_auto_subbatch=False, moe_subbatch_diag=False, moe_grouped_gemm=False, router_z_loss_coef=None, moe_router_force_load_balancing=False, moe_router_fusion=False, moe_shared_expert_gate=False, moe_shared_expert_overlap=False, moe_deep_gemm=False, moe_ep_barrier=True, use_latent_moe=False, moe_latent_size=None, cp_comm_type=None, fp8=None, fp8_recipe='blockwise', fp8_wgrad=True, embedding_init_method=functools.partial(<function normal_ at 0x76652e9d6340>, mean=0.0, std=0.02), embedding_init_method_std=0.02, init_method_std=0.02, init_model_with_meta_device=False, is_hybrid_model=False, clone_scatter_output_in_embedding=True, using_sonic_moe=False, q_lora_rank=512, kv_lora_rank=512, qk_nope_head_dim=64, qk_rope_head_dim=64, v_head_dim=128, rope_type='yarn', rotary_base=1000000.0, rotary_percent=1.0, rotary_scaling_factor=40, original_max_position_embeddings=4096, beta_fast=32, beta_slow=1, mscale=1.0, mscale_all_dim=0.0, loss_subbatch_sequence_length=1024, fused_linear_ce_loss_chunk=0, dsa_index_n_heads=None, dsa_index_head_dim=128, dsa_index_topk=2048, dsa_indexer_loss_coeff=0.01, dsa_indexer_use_sparse_loss=False, dsa_indexer_rotary_interleaved=False, gpt_model_use_experimental_version=False, moe_topk_fusion=False, routing_map_fusion=False, vocab_size=151936, position_embedding_type='rope', max_sequence_length=1024, tie_word_embeddings=True, layer_types=None, fp16_lm_cross_entropy=False, make_vocab_size_divisible_by=128, seq_len_interpolation_factor=None, seq_length=1024, scatter_embedding_sequence_parallel=True, tp_only_amax_red=False, tp_comm_overlap_cfg=None, generation_config=None, should_pad_vocab=False, mtp_enabled=False, restore_modelopt_state=False, max_position_embeddings=40960, hidden_dropout=0.0, layernorm_epsilon=1e-06, persist_layer_norm=True, vha_enable_premix=True, vha_enable_postmix=True, vha_postmix_rank=4, vha_premix_init_alpha=0.1, attn_type='gqa'), 'init_method': functools.partial(<function normal_ at 0x76652e9d6340>, mean=0.0, std=0.02), 'bias': False, 'skip_bias_add': False, 'gather_output': False, 'skip_weight_param_allocation': True, 'block_attn_res': <class 'paddlefleet.transformer.identity_op.IdentityOp'>}()
[2026-05-24 19:53:11,048] [    INFO] pp_layers.py:921 - loss: DHALanguageLoss
[33m[2026-05-24 19:53:11,054] [ WARNING] random.py:197[0m - CPU RNG state changed within GPU RNG context[0m
[2026-05-24 19:53:11,054] [ WARNING] random.py:197 - CPU RNG state changed within GPU RNG context
[2026-05-24 19:53:11,208] [    INFO] pp_layers.py:978 - flush 31 of layers into run_function
[32m[2026-05-24 19:53:18,132] [    INFO][0m - Loaded 226/226 GQA params from /root/paddlejob/share-storage/gpfs/system-public/dingxibo/PaddleFleet/Research/VHA/output/qwen3_gqa_1p7B_pretrain/checkpoint-24000/model_state_merged[0m
[32m[2026-05-24 19:53:18,133] [    INFO][0m - #transformer layers: 28[0m
[32m[2026-05-24 19:53:18,149] [    INFO][0m - Installed fusion hooks on 28 layers[0m
 > target train samples: 40
 > building dataset index ...
    reading sizes...
    reading pointers...
    reading document index...
    creating numpy buffer of mmap...
    creating memory view of numpy buffer...
 > finished creating indexed dataset in 0.001288 seconds
    number of documents: 97270686
 > dataset split:
    train:
     document indices in [0, 97270686) total of 97270686 documents
    validation:
     document indices in [97270686, 97270686) total of 0 documents
    test:
     document indices in [97270686, 97270686) total of 0 documents
W0524 19:53:18.197796 708901 nccl_comm_context.cc:70] ncclCommInitRankConfigMemOpt is not supported.
searching for causal dataset, build_indices=False, share_folder False, check_rank_flag False
build success
 > loading doc-idx mapping from /root/paddlejob/share-storage/gpfs/system-public/dingxibo/datasets/fineweb-edu/index-cache/37da475462e6ccc8d716b1ed2969f82a_doc_idx.npy
 > loading sample-idx mapping from /root/paddlejob/share-storage/gpfs/system-public/dingxibo/datasets/fineweb-edu/index-cache/37da475462e6ccc8d716b1ed2969f82a_sample_idx.npy
 > loading shuffle-idx mapping from /root/paddlejob/share-storage/gpfs/system-public/dingxibo/datasets/fineweb-edu/index-cache/37da475462e6ccc8d716b1ed2969f82a_shuffle_idx.npy
    loaded indexed file in 0.006 seconds
    total number of samples: 97319404
    total number of epochs: 1
[32m[2026-05-24 19:53:23,629] [    INFO][0m - The global seed is set to 42, local seed is set to 50 and random seed is set to 42.[0m
[32m[2026-05-24 19:53:23,650] [    INFO][0m - max_steps is given, it will override any value given in num_train_epochs[0m
[32m[2026-05-24 19:53:23,650] [    INFO][0m - Using half precision[0m
/root/paddlejob/share-storage/gpfs/system-public/dingxibo/venv_paddlefleet/lib/python3.12/site-packages/paddleformers/trainer/trainer.py:657: VisibleDeprecationWarning: [93m
Warning:
API "paddle.distributed.fleet.utils.mix_precision_utils.MixPrecisionScaler" is deprecated since 2.5.0, and will be removed in future versions. Please use "paddle.distributed_scaler" instead. [0m
[35m[2026-05-24 19:53:23,742] [   DEBUG][0m - ============================================================[0m
[35m[2026-05-24 19:53:23,742] [   DEBUG][0m -     Training Configuration Arguments    [0m
[35m[2026-05-24 19:53:23,742] [   DEBUG][0m - paddle commit id              : a6ff7cd15adcff9b582b3bfdd3b7c978838e125e[0m
[35m[2026-05-24 19:53:23,742] [   DEBUG][0m - paddleformers commit id       : d94c112a6ee973ea58b9153ff4635e2dad98d284[0m
[35m[2026-05-24 19:53:23,742] [   DEBUG][0m - paddlefleet commit id         : c542273430c839037e20ccc7c80062c3234a94f6[0m
[35m[2026-05-24 19:53:23,742] [   DEBUG][0m - _no_sync_in_gradient_accumulation: True[0m
[35m[2026-05-24 19:53:23,742] [   DEBUG][0m - adam_beta1                    : 0.9[0m
[35m[2026-05-24 19:53:23,742] [   DEBUG][0m - adam_beta2                    : 0.95[0m
[35m[2026-05-24 19:53:23,742] [   DEBUG][0m - adam_epsilon                  : 1e-08[0m
[35m[2026-05-24 19:53:23,743] [   DEBUG][0m - amp_custom_black_list         : ['reduce_sum', 'softmax_with_cross_entropy', 'c_softmax_with_cross_entropy', 'elementwise_div', 'sin', 'cos'][0m
[35m[2026-05-24 19:53:23,743] [   DEBUG][0m - amp_custom_white_list         : ['lookup_table', 'lookup_table_v2', 'flash_attn', 'matmul', 'matmul_v2', 'fused_gemm_epilogue'][0m
[35m[2026-05-24 19:53:23,743] [   DEBUG][0m - amp_master_grad               : True[0m
[35m[2026-05-24 19:53:23,743] [   DEBUG][0m - aoa_config                    : None[0m
[35m[2026-05-24 19:53:23,743] [   DEBUG][0m - apply_rope_fusion             : False[0m
[35m[2026-05-24 19:53:23,743] [   DEBUG][0m - auto_parallel_resume_form_hybrid_parallel: False[0m
[35m[2026-05-24 19:53:23,743] [   DEBUG][0m - auto_parallel_sync_shared_params: False[0m
[35m[2026-05-24 19:53:23,743] [   DEBUG][0m - batch_p2p_comm                : True[0m
[35m[2026-05-24 19:53:23,743] [   DEBUG][0m - best_unbalanced_scheduler     : False[0m
[35m[2026-05-24 19:53:23,743] [   DEBUG][0m - bf16                          : True[0m
[35m[2026-05-24 19:53:23,743] [   DEBUG][0m - bf16_full_eval                : False[0m
[35m[2026-05-24 19:53:23,743] [   DEBUG][0m - ckpt_quant_stage              : O0[0m
[35m[2026-05-24 19:53:23,743] [   DEBUG][0m - clear_every_step_cache        : False[0m
[35m[2026-05-24 19:53:23,743] [   DEBUG][0m - context_parallel_rank         : 0[0m
[35m[2026-05-24 19:53:23,743] [   DEBUG][0m - context_parallel_size         : 1[0m
[35m[2026-05-24 19:53:23,743] [   DEBUG][0m - convert_from_hf               : True[0m
[35m[2026-05-24 19:53:23,743] [   DEBUG][0m - count_trained_tokens          : False[0m
[35m[2026-05-24 19:53:23,743] [   DEBUG][0m - cp_comm_type                  : None[0m
[35m[2026-05-24 19:53:23,743] [   DEBUG][0m - cp_sharding_degree            : 1[0m
[35m[2026-05-24 19:53:23,743] [   DEBUG][0m - cp_sharding_rank              : 0[0m
[35m[2026-05-24 19:53:23,743] [   DEBUG][0m - current_device                : gpu:0[0m
[35m[2026-05-24 19:53:23,743] [   DEBUG][0m - data_parallel_config          : [0m
[35m[2026-05-24 19:53:23,743] [   DEBUG][0m - data_parallel_rank            : 0[0m
[35m[2026-05-24 19:53:23,743] [   DEBUG][0m - data_parallel_size            : 1[0m
[35m[2026-05-24 19:53:23,743] [   DEBUG][0m - dataloader_drop_last          : False[0m
[35m[2026-05-24 19:53:23,743] [   DEBUG][0m - dataloader_num_workers        : 1[0m
[35m[2026-05-24 19:53:23,744] [   DEBUG][0m - dataloader_shuffle            : True[0m
[35m[2026-05-24 19:53:23,744] [   DEBUG][0m - dataset_rank                  : 0[0m
[35m[2026-05-24 19:53:23,744] [   DEBUG][0m - dataset_world_size            : 8[0m
[35m[2026-05-24 19:53:23,744] [   DEBUG][0m - ddp_find_unused_parameters    : None[0m
[35m[2026-05-24 19:53:23,744] [   DEBUG][0m - decay_steps                   : 5[0m
[35m[2026-05-24 19:53:23,744] [   DEBUG][0m - deterministic_mode            : False[0m
[35m[2026-05-24 19:53:23,744] [   DEBUG][0m - device                        : gpu[0m
[35m[2026-05-24 19:53:23,744] [   DEBUG][0m - disable_tqdm                  : False[0m
[35m[2026-05-24 19:53:23,744] [   DEBUG][0m - distributed_dataloader        : False[0m
[35m[2026-05-24 19:53:23,744] [   DEBUG][0m - do_eval                       : False[0m
[35m[2026-05-24 19:53:23,744] [   DEBUG][0m - do_export                     : False[0m
[35m[2026-05-24 19:53:23,744] [   DEBUG][0m - do_predict                    : False[0m
[35m[2026-05-24 19:53:23,744] [   DEBUG][0m - do_train                      : True[0m
[35m[2026-05-24 19:53:23,744] [   DEBUG][0m - dp_allreduce_avg_in_gradinent_scale: False[0m
[35m[2026-05-24 19:53:23,744] [   DEBUG][0m - dp_comm_overlap               : False[0m
[35m[2026-05-24 19:53:23,744] [   DEBUG][0m - embedding_init_method         : None[0m
[35m[2026-05-24 19:53:23,744] [   DEBUG][0m - embedding_init_method_std     : 0.02[0m
[35m[2026-05-24 19:53:23,744] [   DEBUG][0m - enable_auto_parallel          : False[0m
[35m[2026-05-24 19:53:23,744] [   DEBUG][0m - enable_sharding_comm_overlap  : False[0m
[35m[2026-05-24 19:53:23,744] [   DEBUG][0m - enable_zero_cost_checkpoint   : False[0m
[35m[2026-05-24 19:53:23,744] [   DEBUG][0m - eval_accumulation_steps       : None[0m
[35m[2026-05-24 19:53:23,744] [   DEBUG][0m - eval_batch_size               : 4[0m
[35m[2026-05-24 19:53:23,744] [   DEBUG][0m - eval_iters                    : 10[0m
[35m[2026-05-24 19:53:23,744] [   DEBUG][0m - eval_steps                    : None[0m
[35m[2026-05-24 19:53:23,744] [   DEBUG][0m - evaluation_strategy           : IntervalStrategy.NO[0m
[35m[2026-05-24 19:53:23,744] [   DEBUG][0m - expert_model_parallel_size    : 1[0m
[35m[2026-05-24 19:53:23,744] [   DEBUG][0m - expert_parallel_rank          : 0[0m
[35m[2026-05-24 19:53:23,744] [   DEBUG][0m - expert_tensor_model_parallel_size: 1[0m
[35m[2026-05-24 19:53:23,745] [   DEBUG][0m - fa_version                    : 4[0m
[35m[2026-05-24 19:53:23,745] [   DEBUG][0m - flash_device_save_steps       : 0[0m
[35m[2026-05-24 19:53:23,745] [   DEBUG][0m - flatten_param_grads           : False[0m
[35m[2026-05-24 19:53:23,745] [   DEBUG][0m - force_reshard_pp              : False[0m
[35m[2026-05-24 19:53:23,745] [   DEBUG][0m - forward_backward_overlap_scheduler: False[0m
[35m[2026-05-24 19:53:23,745] [   DEBUG][0m - fp16                          : False[0m
[35m[2026-05-24 19:53:23,745] [   DEBUG][0m - fp16_full_eval                : False[0m
[35m[2026-05-24 19:53:23,745] [   DEBUG][0m - fp16_opt_level                : O2[0m
[35m[2026-05-24 19:53:23,745] [   DEBUG][0m - fp32_residual_connection      : True[0m
[35m[2026-05-24 19:53:23,745] [   DEBUG][0m - fp8                           : None[0m
[35m[2026-05-24 19:53:23,745] [   DEBUG][0m - fp8_wgrad                     : True[0m
[35m[2026-05-24 19:53:23,745] [   DEBUG][0m - freeze_training               : False[0m
[35m[2026-05-24 19:53:23,745] [   DEBUG][0m - fuse_optimizer_states         : False[0m
[35m[2026-05-24 19:53:23,745] [   DEBUG][0m - fuse_sequence_parallel_allreduce: False[0m
[35m[2026-05-24 19:53:23,745] [   DEBUG][0m - fuse_swiglu                   : False[0m
[35m[2026-05-24 19:53:23,745] [   DEBUG][0m - gated_linear_unit             : True[0m
[35m[2026-05-24 19:53:23,745] [   DEBUG][0m - gradient_accumulation_steps   : 1[0m
[35m[2026-05-24 19:53:23,745] [   DEBUG][0m - gradient_sync_after_accumulate: False[0m
[35m[2026-05-24 19:53:23,745] [   DEBUG][0m - greater_is_better             : None[0m
[35m[2026-05-24 19:53:23,745] [   DEBUG][0m - hidden_size                   : None[0m
[35m[2026-05-24 19:53:23,745] [   DEBUG][0m - high_precision_rope           : False[0m
[35m[2026-05-24 19:53:23,745] [   DEBUG][0m - hybrid_parallel_expert_grad_scale: 1.0[0m
[35m[2026-05-24 19:53:23,745] [   DEBUG][0m - hybrid_parallel_topo_order    : sharding_first[0m
[35m[2026-05-24 19:53:23,745] [   DEBUG][0m - ignore_data_skip              : False[0m
[35m[2026-05-24 19:53:23,745] [   DEBUG][0m - ignore_load_lr_and_optim      : False[0m
[35m[2026-05-24 19:53:23,745] [   DEBUG][0m - ignore_save_lr_and_optim      : False[0m
[35m[2026-05-24 19:53:23,745] [   DEBUG][0m - init_method                   : None[0m
[35m[2026-05-24 19:53:23,745] [   DEBUG][0m - intermediate_size             : None[0m
[35m[2026-05-24 19:53:23,745] [   DEBUG][0m - label_names                   : None[0m
[35m[2026-05-24 19:53:23,745] [   DEBUG][0m - lazy_data_processing          : True[0m
[35m[2026-05-24 19:53:23,746] [   DEBUG][0m - learning_rate                 : 1e-05[0m
[35m[2026-05-24 19:53:23,746] [   DEBUG][0m - load_best_model_at_end        : False[0m
[35m[2026-05-24 19:53:23,746] [   DEBUG][0m - load_checkpoint_format        : flex_checkpoint[0m
[35m[2026-05-24 19:53:23,746] [   DEBUG][0m - load_from_hf                  : False[0m
[35m[2026-05-24 19:53:23,746] [   DEBUG][0m - load_sharded_model            : False[0m
[35m[2026-05-24 19:53:23,746] [   DEBUG][0m - load_sharded_model_remap_parameter_name: False[0m
[35m[2026-05-24 19:53:23,746] [   DEBUG][0m - load_via_cpu                  : True[0m
[35m[2026-05-24 19:53:23,746] [   DEBUG][0m - local_process_index           : 0[0m
[35m[2026-05-24 19:53:23,746] [   DEBUG][0m - local_rank                    : 0[0m
[35m[2026-05-24 19:53:23,746] [   DEBUG][0m - log_level                     : -1[0m
[35m[2026-05-24 19:53:23,746] [   DEBUG][0m - log_level_replica             : -1[0m
[35m[2026-05-24 19:53:23,746] [   DEBUG][0m - log_on_each_node              : True[0m
[35m[2026-05-24 19:53:23,746] [   DEBUG][0m - logging_dir                   : /root/paddlejob/share-storage/gpfs/system-public/dingxibo/PaddleFleet/Research/VHA-Warmup/output/qwen3_vha_1p7B_dha_fusion/smoke/runs/May24_19-53-07_tjdm-fifr8z4l.bcc-tjdm.baidu.com[0m
[35m[2026-05-24 19:53:23,746] [   DEBUG][0m - logging_first_step            : False[0m
[35m[2026-05-24 19:53:23,746] [   DEBUG][0m - logging_steps                 : 1[0m
[35m[2026-05-24 19:53:23,746] [   DEBUG][0m - logging_strategy              : IntervalStrategy.STEPS[0m
[35m[2026-05-24 19:53:23,746] [   DEBUG][0m - logical_process_index         : 0[0m
[35m[2026-05-24 19:53:23,746] [   DEBUG][0m - loss_subbatch_sequence_length : -1[0m
[35m[2026-05-24 19:53:23,746] [   DEBUG][0m - lr_end                        : 1e-07[0m
[35m[2026-05-24 19:53:23,746] [   DEBUG][0m - lr_scheduler_type             : SchedulerType.CONSTANT[0m
[35m[2026-05-24 19:53:23,746] [   DEBUG][0m - max_evaluate_steps            : -1[0m
[35m[2026-05-24 19:53:23,746] [   DEBUG][0m - max_grad_norm                 : 1.0[0m
[35m[2026-05-24 19:53:23,746] [   DEBUG][0m - max_steps                     : 5[0m
[35m[2026-05-24 19:53:23,746] [   DEBUG][0m - metric_for_best_model         : None[0m
[35m[2026-05-24 19:53:23,746] [   DEBUG][0m - metrics_output_path           : None[0m
[35m[2026-05-24 19:53:23,746] [   DEBUG][0m - min_learning_rate             : 1e-05[0m
[35m[2026-05-24 19:53:23,746] [   DEBUG][0m - min_lr                        : 1e-05[0m
[35m[2026-05-24 19:53:23,747] [   DEBUG][0m - minimum_eval_times            : None[0m
[35m[2026-05-24 19:53:23,747] [   DEBUG][0m - moe_deep_gemm                 : False[0m
[35m[2026-05-24 19:53:23,747] [   DEBUG][0m - moe_deepep_num_sms            : None[0m
[35m[2026-05-24 19:53:23,747] [   DEBUG][0m - moe_dequant_input             : False[0m
[35m[2026-05-24 19:53:23,747] [   DEBUG][0m - moe_ep_barrier                : True[0m
[35m[2026-05-24 19:53:23,747] [   DEBUG][0m - moe_expert_capacity_factor    : 0.0[0m
[35m[2026-05-24 19:53:23,747] [   DEBUG][0m - moe_expert_fusion             : True[0m
[35m[2026-05-24 19:53:23,747] [   DEBUG][0m - moe_grouped_gemm              : False[0m
[35m[2026-05-24 19:53:23,747] [   DEBUG][0m - moe_pad_expert_input_to_capacity: False[0m
[35m[2026-05-24 19:53:23,747] [   DEBUG][0m - moe_router_bias_update_rate   : 0.0[0m
[35m[2026-05-24 19:53:23,747] [   DEBUG][0m - moe_router_force_load_balancing: False[0m
[35m[2026-05-24 19:53:23,747] [   DEBUG][0m - moe_router_fusion             : True[0m
[35m[2026-05-24 19:53:23,747] [   DEBUG][0m - moe_router_load_balancing_type: seq_aux_loss[0m
[35m[2026-05-24 19:53:23,747] [   DEBUG][0m - moe_sharding_parallel_rank    : 0[0m
[35m[2026-05-24 19:53:23,747] [   DEBUG][0m - moe_sharding_parallel_size    : 1[0m
[35m[2026-05-24 19:53:23,747] [   DEBUG][0m - moe_shared_expert_overlap     : True[0m
[35m[2026-05-24 19:53:23,747] [   DEBUG][0m - moe_subbatch_token_num_after_dispatch: None[0m
[35m[2026-05-24 19:53:23,747] [   DEBUG][0m - moe_subbatch_token_num_before_dispatch: 0[0m
[35m[2026-05-24 19:53:23,747] [   DEBUG][0m - moe_token_dispatcher_type     : deepep[0m
[35m[2026-05-24 19:53:23,747] [   DEBUG][0m - moe_token_drop_policy         : probs[0m
[35m[2026-05-24 19:53:23,747] [   DEBUG][0m - moe_use_fusion_node           : True[0m
[35m[2026-05-24 19:53:23,747] [   DEBUG][0m - mp_async_allreduce            : False[0m
[35m[2026-05-24 19:53:23,747] [   DEBUG][0m - mp_fused_linear_param_grad_add: False[0m
[35m[2026-05-24 19:53:23,747] [   DEBUG][0m - mp_skip_c_identity            : False[0m
[35m[2026-05-24 19:53:23,747] [   DEBUG][0m - mtp_distillation_loss         : False[0m
[35m[2026-05-24 19:53:23,747] [   DEBUG][0m - mtp_num_layers                : 0[0m
[35m[2026-05-24 19:53:23,747] [   DEBUG][0m - multi_latent_attention        : False[0m
[35m[2026-05-24 19:53:23,747] [   DEBUG][0m - muon_exclude_patterns         : ['embed', 'bias', 'lm_head', 'mlp.gate'][0m
[35m[2026-05-24 19:53:23,747] [   DEBUG][0m - muon_extra_scale_factor       : 0.2[0m
[35m[2026-05-24 19:53:23,748] [   DEBUG][0m - muon_ffn_split                : True[0m
[35m[2026-05-24 19:53:23,748] [   DEBUG][0m - muon_momentum                 : 0.95[0m
[35m[2026-05-24 19:53:23,748] [   DEBUG][0m - muon_ns_coeff_type            : quintic[0m
[35m[2026-05-24 19:53:23,748] [   DEBUG][0m - muon_ns_steps                 : 5[0m
[35m[2026-05-24 19:53:23,748] [   DEBUG][0m - muon_qkv_update_mode          : split_head[0m
[35m[2026-05-24 19:53:23,748] [   DEBUG][0m - muon_version                  : 3[0m
[35m[2026-05-24 19:53:23,748] [   DEBUG][0m - n_routed_experts              : None[0m
[35m[2026-05-24 19:53:23,748] [   DEBUG][0m - nccl_comm_group_config        : None[0m
[35m[2026-05-24 19:53:23,748] [   DEBUG][0m - no_cuda                       : False[0m
[35m[2026-05-24 19:53:23,748] [   DEBUG][0m - no_recompute_layers           : None[0m
[35m[2026-05-24 19:53:23,748] [   DEBUG][0m - no_rope_freq                  : False[0m
[35m[2026-05-24 19:53:23,748] [   DEBUG][0m - non_batch_p2p_comm            : False[0m
[35m[2026-05-24 19:53:23,748] [   DEBUG][0m - normalization                 : RMSNorm[0m
[35m[2026-05-24 19:53:23,748] [   DEBUG][0m - num_attention_heads           : None[0m
[35m[2026-05-24 19:53:23,748] [   DEBUG][0m - num_cycles                    : 0.5[0m
[35m[2026-05-24 19:53:23,748] [   DEBUG][0m - num_empty_layers_add_in_head  : 0[0m
[35m[2026-05-24 19:53:23,748] [   DEBUG][0m - num_empty_layers_add_in_tail  : 0[0m
[35m[2026-05-24 19:53:23,748] [   DEBUG][0m - num_experts_per_tok           : None[0m
[35m[2026-05-24 19:53:23,748] [   DEBUG][0m - num_hidden_layers             : None[0m
[35m[2026-05-24 19:53:23,748] [   DEBUG][0m - num_key_value_heads           : None[0m
[35m[2026-05-24 19:53:23,748] [   DEBUG][0m - num_nextn_predict_layers      : 0[0m
[35m[2026-05-24 19:53:23,748] [   DEBUG][0m - num_train_epochs              : 1.0[0m
[35m[2026-05-24 19:53:23,748] [   DEBUG][0m - offload_fp8_expert_master_weight: True[0m
[35m[2026-05-24 19:53:23,748] [   DEBUG][0m - offload_queue                 : False[0m
[35m[2026-05-24 19:53:23,748] [   DEBUG][0m - optim                         : OptimizerNames.ADAMW[0m
[35m[2026-05-24 19:53:23,748] [   DEBUG][0m - optim_shard_num               : 1[0m
[35m[2026-05-24 19:53:23,748] [   DEBUG][0m - optimizer_name_suffix         : shard00[0m
[35m[2026-05-24 19:53:23,748] [   DEBUG][0m - ordered_save_group_size       : 0[0m
[35m[2026-05-24 19:53:23,748] [   DEBUG][0m - output_dir                    : /root/paddlejob/share-storage/gpfs/system-public/dingxibo/PaddleFleet/Research/VHA-Warmup/output/qwen3_vha_1p7B_dha_fusion/smoke[0m
[35m[2026-05-24 19:53:23,749] [   DEBUG][0m - output_layer_init_method      : None[0m
[35m[2026-05-24 19:53:23,749] [   DEBUG][0m - output_signal_dir             : /root/paddlejob/share-storage/gpfs/system-public/dingxibo/PaddleFleet/Research/VHA-Warmup/output/qwen3_vha_1p7B_dha_fusion/smoke[0m
[35m[2026-05-24 19:53:23,749] [   DEBUG][0m - overlap                       : False[0m
[35m[2026-05-24 19:53:23,749] [   DEBUG][0m - overlap_p2p_comm              : False[0m
[35m[2026-05-24 19:53:23,749] [   DEBUG][0m - overwrite_output_dir          : True[0m
[35m[2026-05-24 19:53:23,749] [   DEBUG][0m - p2p_cache_shape               : True[0m
[35m[2026-05-24 19:53:23,749] [   DEBUG][0m - pad_token_id                  : 0[0m
[35m[2026-05-24 19:53:23,749] [   DEBUG][0m - partial_send_recv             : True[0m
[35m[2026-05-24 19:53:23,749] [   DEBUG][0m - past_index                    : -1[0m
[35m[2026-05-24 19:53:23,749] [   DEBUG][0m - pdc_download_ckpt             : False[0m
[35m[2026-05-24 19:53:23,749] [   DEBUG][0m - pdc_download_timeout          : 300[0m
[35m[2026-05-24 19:53:23,749] [   DEBUG][0m - per_device_eval_batch_size    : 4[0m
[35m[2026-05-24 19:53:23,749] [   DEBUG][0m - per_device_train_batch_size   : 1[0m
[35m[2026-05-24 19:53:23,749] [   DEBUG][0m - pipeline_model_parallel_size  : 1[0m
[35m[2026-05-24 19:53:23,749] [   DEBUG][0m - pipeline_parallel_config      : [0m
[35m[2026-05-24 19:53:23,749] [   DEBUG][0m - pipeline_parallel_rank        : 0[0m
[35m[2026-05-24 19:53:23,749] [   DEBUG][0m - position_embedding_type       : rope[0m
[35m[2026-05-24 19:53:23,749] [   DEBUG][0m - power                         : 1.0[0m
[35m[2026-05-24 19:53:23,749] [   DEBUG][0m - pp_delay_scale_loss           : True[0m
[35m[2026-05-24 19:53:23,749] [   DEBUG][0m - pp_release_grads              : False[0m
[35m[2026-05-24 19:53:23,749] [   DEBUG][0m - pp_sharding_comm_overlap      : False[0m
[35m[2026-05-24 19:53:23,749] [   DEBUG][0m - pp_sync_moment                : False[0m
[35m[2026-05-24 19:53:23,749] [   DEBUG][0m - pp_sync_param                 : False[0m
[35m[2026-05-24 19:53:23,749] [   DEBUG][0m - pre_alloc_memory              : 0[0m
[35m[2026-05-24 19:53:23,749] [   DEBUG][0m - prediction_loss_only          : False[0m
[35m[2026-05-24 19:53:23,749] [   DEBUG][0m - prefetch_factor               : 2[0m
[35m[2026-05-24 19:53:23,749] [   DEBUG][0m - process_index                 : 0[0m
[35m[2026-05-24 19:53:23,749] [   DEBUG][0m - profile                       : False[0m
[35m[2026-05-24 19:53:23,749] [   DEBUG][0m - profile_step_end              : 12[0m
[35m[2026-05-24 19:53:23,750] [   DEBUG][0m - profile_step_start            : 10[0m
[35m[2026-05-24 19:53:23,750] [   DEBUG][0m - recompute                     : False[0m
[35m[2026-05-24 19:53:23,750] [   DEBUG][0m - recompute_granularity         : None[0m
[35m[2026-05-24 19:53:23,750] [   DEBUG][0m - recompute_method              : None[0m
[35m[2026-05-24 19:53:23,750] [   DEBUG][0m - recompute_modules             : None[0m
[35m[2026-05-24 19:53:23,750] [   DEBUG][0m - recompute_mtp_granularity     : None[0m
[35m[2026-05-24 19:53:23,750] [   DEBUG][0m - recompute_mtp_method          : None[0m
[35m[2026-05-24 19:53:23,750] [   DEBUG][0m - recompute_mtp_modules         : None[0m
[35m[2026-05-24 19:53:23,750] [   DEBUG][0m - recompute_num_layers          : None[0m
[35m[2026-05-24 19:53:23,750] [   DEBUG][0m - recompute_use_reentrant       : True[0m
[35m[2026-05-24 19:53:23,750] [   DEBUG][0m - release_grads                 : False[0m
[35m[2026-05-24 19:53:23,750] [   DEBUG][0m - remove_unused_columns         : True[0m
[35m[2026-05-24 19:53:23,750] [   DEBUG][0m - reorder_pipeline_priority     : False[0m
[35m[2026-05-24 19:53:23,750] [   DEBUG][0m - replace_with_c_embedding      : False[0m
[35m[2026-05-24 19:53:23,750] [   DEBUG][0m - replace_with_parallel_cross_entropy: False[0m
[35m[2026-05-24 19:53:23,750] [   DEBUG][0m - replicate_saved_into_local    : False[0m
[35m[2026-05-24 19:53:23,750] [   DEBUG][0m - report_to                     : ['visualdl'][0m
[35m[2026-05-24 19:53:23,750] [   DEBUG][0m - resume_from_checkpoint        : None[0m
[35m[2026-05-24 19:53:23,750] [   DEBUG][0m - resume_from_huggingface_ckpt  : None[0m
[35m[2026-05-24 19:53:23,750] [   DEBUG][0m - router_aux_loss_coef          : 0.0[0m
[35m[2026-05-24 19:53:23,750] [   DEBUG][0m - router_z_loss_coef            : None[0m
[35m[2026-05-24 19:53:23,750] [   DEBUG][0m - run_name                      : /root/paddlejob/share-storage/gpfs/system-public/dingxibo/PaddleFleet/Research/VHA-Warmup/output/qwen3_vha_1p7B_dha_fusion/smoke[0m
[35m[2026-05-24 19:53:23,750] [   DEBUG][0m - save_checkpoint_format        : flex_checkpoint[0m
[35m[2026-05-24 19:53:23,750] [   DEBUG][0m - save_hf_memory_growth_threshold: 8[0m
[35m[2026-05-24 19:53:23,750] [   DEBUG][0m - save_hf_steps                 : -1[0m
[35m[2026-05-24 19:53:23,750] [   DEBUG][0m - save_hf_total_limit           : None[0m
[35m[2026-05-24 19:53:23,750] [   DEBUG][0m - save_last_step                : False[0m
[35m[2026-05-24 19:53:23,750] [   DEBUG][0m - save_on_each_node             : False[0m
[35m[2026-05-24 19:53:23,750] [   DEBUG][0m - save_rng_states               : True[0m
[35m[2026-05-24 19:53:23,751] [   DEBUG][0m - save_sharded_model            : False[0m
[35m[2026-05-24 19:53:23,751] [   DEBUG][0m - save_sharding_stage1_model_include_freeze_params: False[0m
[35m[2026-05-24 19:53:23,751] [   DEBUG][0m - save_steps                    : 1000[0m
[35m[2026-05-24 19:53:23,751] [   DEBUG][0m - save_strategy                 : IntervalStrategy.STEPS[0m
[35m[2026-05-24 19:53:23,751] [   DEBUG][0m - save_to_hf                    : True[0m
[35m[2026-05-24 19:53:23,751] [   DEBUG][0m - save_tokenizer                : True[0m
[35m[2026-05-24 19:53:23,751] [   DEBUG][0m - save_total_limit              : None[0m
[35m[2026-05-24 19:53:23,751] [   DEBUG][0m - scale_loss                    : 32768[0m
[35m[2026-05-24 19:53:23,751] [   DEBUG][0m - sd_release_grads              : False[0m
[35m[2026-05-24 19:53:23,751] [   DEBUG][0m - sd_sharding_comm_overlap      : False[0m
[35m[2026-05-24 19:53:23,751] [   DEBUG][0m - sd_shardingv1_comm_overlap    : False[0m
[35m[2026-05-24 19:53:23,751] [   DEBUG][0m - seed                          : 42[0m
[35m[2026-05-24 19:53:23,751] [   DEBUG][0m - send_recv_overlap             : False[0m
[35m[2026-05-24 19:53:23,751] [   DEBUG][0m - sep_parallel_size             : 1[0m
[35m[2026-05-24 19:53:23,751] [   DEBUG][0m - sequence_parallel             : False[0m
[35m[2026-05-24 19:53:23,751] [   DEBUG][0m - sequence_parallel_config      : [0m
[35m[2026-05-24 19:53:23,751] [   DEBUG][0m - sharded_model_from_ema        : False[0m
[35m[2026-05-24 19:53:23,751] [   DEBUG][0m - sharding                      : [<ShardingOption.SHARD_OP: 'stage1'>][0m
[35m[2026-05-24 19:53:23,751] [   DEBUG][0m - sharding_comm_buffer_size_MB  : -1[0m
[35m[2026-05-24 19:53:23,751] [   DEBUG][0m - sharding_degree               : -1[0m
[35m[2026-05-24 19:53:23,751] [   DEBUG][0m - sharding_offload_opt_buffersize_GB: -1[0m
[35m[2026-05-24 19:53:23,751] [   DEBUG][0m - sharding_parallel_config      : [0m
[35m[2026-05-24 19:53:23,751] [   DEBUG][0m - sharding_parallel_mesh_dimension: dp[0m
[35m[2026-05-24 19:53:23,751] [   DEBUG][0m - sharding_parallel_rank        : 0[0m
[35m[2026-05-24 19:53:23,751] [   DEBUG][0m - sharding_parallel_size        : 8[0m
[35m[2026-05-24 19:53:23,751] [   DEBUG][0m - should_load_dataset           : True[0m
[35m[2026-05-24 19:53:23,751] [   DEBUG][0m - should_load_sharding_stage1_model: False[0m
[35m[2026-05-24 19:53:23,751] [   DEBUG][0m - should_log                    : True[0m
[35m[2026-05-24 19:53:23,751] [   DEBUG][0m - should_save                   : True[0m
[35m[2026-05-24 19:53:23,752] [   DEBUG][0m - should_save_model_state       : True[0m
[35m[2026-05-24 19:53:23,752] [   DEBUG][0m - should_save_model_with_tensor_fusion: False[0m
[35m[2026-05-24 19:53:23,752] [   DEBUG][0m - should_save_sharding_stage1_model: True[0m
[35m[2026-05-24 19:53:23,752] [   DEBUG][0m - skip_data_intervals           : None[0m
[35m[2026-05-24 19:53:23,752] [   DEBUG][0m - skip_memory_metrics           : True[0m
[35m[2026-05-24 19:53:23,752] [   DEBUG][0m - skip_profile_timer            : True[0m
[35m[2026-05-24 19:53:23,752] [   DEBUG][0m - softmax_scale                 : None[0m
[35m[2026-05-24 19:53:23,752] [   DEBUG][0m - softmax_type                  : vanilla[0m
[35m[2026-05-24 19:53:23,752] [   DEBUG][0m - sp_allreduce_avg_in_gradinent_scale: False[0m
[35m[2026-05-24 19:53:23,752] [   DEBUG][0m - sp_async_reduce_scatter       : False[0m
[35m[2026-05-24 19:53:23,752] [   DEBUG][0m - split_backward                : False[0m
[35m[2026-05-24 19:53:23,752] [   DEBUG][0m - split_inputs_sequence_dim     : True[0m
[35m[2026-05-24 19:53:23,752] [   DEBUG][0m - split_norm_comm               : False[0m
[35m[2026-05-24 19:53:23,752] [   DEBUG][0m - split_param                   : True[0m
[35m[2026-05-24 19:53:23,752] [   DEBUG][0m - stage1_allgather_overlap      : False[0m
[35m[2026-05-24 19:53:23,752] [   DEBUG][0m - stage1_broadcast_overlap      : False[0m
[35m[2026-05-24 19:53:23,752] [   DEBUG][0m - stage1_overlap                : False[0m
[35m[2026-05-24 19:53:23,752] [   DEBUG][0m - stage1_reduce_avg             : True[0m
[35m[2026-05-24 19:53:23,752] [   DEBUG][0m - stage1_tensor_fusion          : False[0m
[35m[2026-05-24 19:53:23,752] [   DEBUG][0m - stage2_overlap                : False[0m
[35m[2026-05-24 19:53:23,752] [   DEBUG][0m - sync_grad                     : False[0m
[35m[2026-05-24 19:53:23,752] [   DEBUG][0m - tensor_fusion                 : False[0m
[35m[2026-05-24 19:53:23,752] [   DEBUG][0m - tensor_model_parallel_size    : 1[0m
[35m[2026-05-24 19:53:23,752] [   DEBUG][0m - tensor_parallel_config        : [0m
[35m[2026-05-24 19:53:23,752] [   DEBUG][0m - tensor_parallel_output        : True[0m
[35m[2026-05-24 19:53:23,752] [   DEBUG][0m - tensor_parallel_rank          : 0[0m
[35m[2026-05-24 19:53:23,752] [   DEBUG][0m - tensorwise_offload_optimizer  : False[0m
[35m[2026-05-24 19:53:23,752] [   DEBUG][0m - test_iters                    : 100[0m
[35m[2026-05-24 19:53:23,752] [   DEBUG][0m - tie_word_embeddings           : None[0m
[35m[2026-05-24 19:53:23,753] [   DEBUG][0m - timer                         : False[0m
[35m[2026-05-24 19:53:23,753] [   DEBUG][0m - to_static                     : False[0m
[35m[2026-05-24 19:53:23,753] [   DEBUG][0m - tp_async_allreduce            : False[0m
[35m[2026-05-24 19:53:23,753] [   DEBUG][0m - tp_sync_moment                : False[0m
[35m[2026-05-24 19:53:23,753] [   DEBUG][0m - tp_sync_param                 : False[0m
[35m[2026-05-24 19:53:23,753] [   DEBUG][0m - train_batch_size              : 1[0m
[35m[2026-05-24 19:53:23,753] [   DEBUG][0m - train_mtp_only                : False[0m
[35m[2026-05-24 19:53:23,753] [   DEBUG][0m - unified_checkpoint            : True[0m
[35m[2026-05-24 19:53:23,753] [   DEBUG][0m - unified_checkpoint_config     : [0m
[35m[2026-05-24 19:53:23,753] [   DEBUG][0m - use_async_save                : False[0m
[35m[2026-05-24 19:53:23,753] [   DEBUG][0m - use_cache                     : False[0m
[35m[2026-05-24 19:53:23,753] [   DEBUG][0m - use_dualpipev                 : False[0m
[35m[2026-05-24 19:53:23,753] [   DEBUG][0m - use_expert_parallel           : False[0m
[35m[2026-05-24 19:53:23,753] [   DEBUG][0m - use_filtered_label_loss       : False[0m
[35m[2026-05-24 19:53:23,753] [   DEBUG][0m - use_fused_head_and_loss_fn    : False[0m
[35m[2026-05-24 19:53:23,753] [   DEBUG][0m - use_fused_linear_cross_entropy: False[0m
[35m[2026-05-24 19:53:23,753] [   DEBUG][0m - use_hybrid_parallel           : True[0m
[35m[2026-05-24 19:53:23,753] [   DEBUG][0m - use_intermediate_api          : False[0m
[35m[2026-05-24 19:53:23,753] [   DEBUG][0m - use_lowprecision_moment       : False[0m
[35m[2026-05-24 19:53:23,753] [   DEBUG][0m - use_qk_norm                   : None[0m
[35m[2026-05-24 19:53:23,753] [   DEBUG][0m - use_unified_moe               : False[0m
[35m[2026-05-24 19:53:23,753] [   DEBUG][0m - using_sonic_moe               : False[0m
[35m[2026-05-24 19:53:23,753] [   DEBUG][0m - variable_seq_lengths          : False[0m
[35m[2026-05-24 19:53:23,753] [   DEBUG][0m - virtual_pipeline_model_parallel_size: 1[0m
[35m[2026-05-24 19:53:23,753] [   DEBUG][0m - wandb_api_key                 : None[0m
[35m[2026-05-24 19:53:23,753] [   DEBUG][0m - wandb_http_proxy              : None[0m
[35m[2026-05-24 19:53:23,753] [   DEBUG][0m - warmup_ratio                  : 0.0[0m
[35m[2026-05-24 19:53:23,753] [   DEBUG][0m - warmup_steps                  : 0[0m
[35m[2026-05-24 19:53:23,753] [   DEBUG][0m - weight_decay                  : 0.0[0m
[35m[2026-05-24 19:53:23,753] [   DEBUG][0m - weight_name_suffix            : [0m
[35m[2026-05-24 19:53:23,754] [   DEBUG][0m - world_size                    : 8[0m
[35m[2026-05-24 19:53:23,754] [   DEBUG][0m - zcc_ema_interval              : 1[0m
[35m[2026-05-24 19:53:23,754] [   DEBUG][0m - zcc_ema_loss_threshold        : None[0m
[35m[2026-05-24 19:53:23,754] [   DEBUG][0m - zcc_pipeline_hooks_capacity_usage: 0.6[0m
[35m[2026-05-24 19:53:23,754] [   DEBUG][0m - zcc_save_ema_coef             : None[0m
[35m[2026-05-24 19:53:23,754] [   DEBUG][0m - zcc_workers_num               : 3[0m
[35m[2026-05-24 19:53:23,754] [   DEBUG][0m - [0m
[32m[2026-05-24 19:53:23,754] [    INFO][0m - Starting training from resume_from_checkpoint : None[0m
[32m[2026-05-24 19:53:23,756] [    INFO][0m - [timelog] RuntimeTimer: 0.00s (2026-05-24 19:53:23) [0m
[32m[2026-05-24 19:53:23,756] [    INFO][0m - ***** Running training *****[0m
[32m[2026-05-24 19:53:23,756] [    INFO][0m -   Num examples = 97,319,403[0m
[32m[2026-05-24 19:53:23,756] [    INFO][0m -   Num Epochs = 1[0m
[32m[2026-05-24 19:53:23,756] [    INFO][0m -   Instantaneous batch size per device = 1[0m
[32m[2026-05-24 19:53:23,756] [    INFO][0m -   Total train batch size (w. parallel, distributed & accumulation) = 8[0m
[32m[2026-05-24 19:53:23,756] [    INFO][0m -   Gradient Accumulation steps = 1[0m
[32m[2026-05-24 19:53:23,756] [    INFO][0m -   Total optimization steps = 5[0m
[32m[2026-05-24 19:53:23,756] [    INFO][0m -   Total num train samples = 40[0m
[2026-05-24 19:53:23,763] [    INFO] pipeline_parallel.py:455 - start broadcast sharding parameters
W0524 19:53:23.829638 708901 nccl_comm_context.cc:70] ncclCommInitRankConfigMemOpt is not supported.
[33m[2026-05-24 19:53:26,255] [ WARNING][0m - Using default prepare pipeline inputs func, only support input_ids and labels as inputs.[0m
[2026-05-24 19:53:26,255] [    INFO] dygraph_sharding_optimizer.py:618 - init DygraphShardingOptimizerV2
[2026-05-24 19:53:26,262] [    INFO] dygraph_sharding_optimizer.py:899 - Tensor Fusion Color -1 and Group rank: 0, nranks: 8, id: 34, ranks: 0, 1, 2, 3, 4, 5, 6, 7; name: _default_pg34: 
[2026-05-24 19:53:26,264] [    INFO] tensor_fusion_helper.py:107 - Tensor Fusion Group Info:
['group_0: 593.5000 MB, dtype: paddle.bfloat16', 'group_1: 264.0258 MB, dtype: paddle.bfloat16', 'group_2: 288.0258 MB, dtype: paddle.bfloat16', 'group_3: 288.0258 MB, dtype: paddle.bfloat16', 'group_4: 288.0258 MB, dtype: paddle.bfloat16', 'group_5: 288.0258 MB, dtype: paddle.bfloat16', 'group_6: 288.0258 MB, dtype: paddle.bfloat16', 'group_7: 288.0258 MB, dtype: paddle.bfloat16', 'group_8: 288.0258 MB, dtype: paddle.bfloat16', 'group_9: 288.0258 MB, dtype: paddle.bfloat16', 'group_10: 120.0125 MB, dtype: paddle.bfloat16']

[2026-05-24 19:53:26,327] [ WARNING] hybrid_parallel_optimizer.py:332 - While using ClipGradByGlobalNorm in TensorParallel, PipelineParallel or Sharding, the grad clip of original optimizer will be changed.
[35m[2026-05-24 19:53:26,330] [   DEBUG][0m -   Number of trainable parameters = 1,720,579,456 (per device)[0m

TrainProcess:   0%|          | 0/5 [00:00<?, ?it/s][32m[2026-05-24 19:53:30,236] [    INFO][0m - [ALM] step=1 lm=7.7367 C=3.05590 t=1.52795 lam=0.000[0m

TrainProcess:  20%|██        | 1/5 [00:03<00:15,  3.90s/it][32m[2026-05-24 19:53:30,253] [    INFO][0m - loss: 8.01564884, learning_rate: 1e-05, global_step: 1, current_memory_allocated: 12.128621101379395, current_memory_reserved: 15.249675035476685, max_memory_allocated: 13.689360618591309, max_memory_reserved: 15.249675035476685, interval_runtime: 3.9205, interval_samples_per_second: 2.0405, interval_steps_per_second: 0.2551, global_norm: 32.14826965332031, progress_or_epoch: 0.0, cpu_used_memory: 237.43, cpu_available_memory: 2654.46[0m
[32m[2026-05-24 19:53:30,253] [    INFO][0m - [DataLoad global_step: 1] data_load_time: 2240.21 ms (accumulated over 1 micro-batches)[0m
[32m[2026-05-24 19:53:30,545] [    INFO][0m - [ALM] step=2 lm=7.6694 C=3.05169 t=0.76397 lam=1.524[0m

TrainProcess:  40%|████      | 2/5 [00:04<00:05,  1.79s/it][32m[2026-05-24 19:53:30,547] [    INFO][0m - loss: 7.67862701, learning_rate: 1e-05, global_step: 2, current_memory_allocated: 12.128621101379395, current_memory_reserved: 16.698649644851685, max_memory_allocated: 16.093206882476807, max_memory_reserved: 16.698649644851685, interval_runtime: 0.2951, interval_samples_per_second: 27.113, interval_steps_per_second: 3.3891, global_norm: 29.6707820892334, progress_or_epoch: 0.0, cpu_used_memory: 237.45, cpu_available_memory: 2654.44[0m
[32m[2026-05-24 19:53:30,547] [    INFO][0m - [DataLoad global_step: 2] data_load_time: 0.10 ms (accumulated over 1 micro-batches)[0m
[32m[2026-05-24 19:53:30,833] [    INFO][0m - [ALM] step=3 lm=7.2324 C=3.05391 t=0.00000 lam=1.524[0m

TrainProcess:  60%|██████    | 3/5 [00:04<00:02,  1.10s/it][32m[2026-05-24 19:53:30,835] [    INFO][0m - loss: 10.745821, learning_rate: 1e-05, global_step: 3, current_memory_allocated: 12.128621101379395, current_memory_reserved: 16.698649644851685, max_memory_allocated: 16.093206882476807, max_memory_reserved: 16.698649644851685, interval_runtime: 0.2872, interval_samples_per_second: 27.8551, interval_steps_per_second: 3.4819, global_norm: 32.80219268798828, progress_or_epoch: 0.0, cpu_used_memory: 237.4, cpu_available_memory: 2654.5[0m
[32m[2026-05-24 19:53:30,835] [    INFO][0m - [DataLoad global_step: 3] data_load_time: 0.07 ms (accumulated over 1 micro-batches)[0m
[32m[2026-05-24 19:53:31,124] [    INFO][0m - [ALM] step=4 lm=7.3981 C=3.05191 t=0.00000 lam=4.576[0m

TrainProcess:  80%|████████  | 4/5 [00:04<00:00,  1.28it/s][32m[2026-05-24 19:53:31,126] [    INFO][0m - loss: 11.78015804, learning_rate: 1e-05, global_step: 4, current_memory_allocated: 12.128621101379395, current_memory_reserved: 16.698649644851685, max_memory_allocated: 16.093206882476807, max_memory_reserved: 16.698649644851685, interval_runtime: 0.2915, interval_samples_per_second: 27.4399, interval_steps_per_second: 3.43, global_norm: 25.18296241760254, progress_or_epoch: 0.0, cpu_used_memory: 237.4, cpu_available_memory: 2654.49[0m
[32m[2026-05-24 19:53:31,126] [    INFO][0m - [DataLoad global_step: 4] data_load_time: 0.07 ms (accumulated over 1 micro-batches)[0m
[32m[2026-05-24 19:53:31,430] [    INFO][0m - [ALM] step=5 lm=6.4744 C=3.03272 t=0.00000 lam=4.576[0m

TrainProcess: 100%|██████████| 5/5 [00:05<00:00,  1.64it/s][32m[2026-05-24 19:53:31,432] [    INFO][0m - loss: 20.42691994, learning_rate: 1e-05, global_step: 5, current_memory_allocated: 12.128621101379395, current_memory_reserved: 16.698649644851685, max_memory_allocated: 16.093206882476807, max_memory_reserved: 16.698649644851685, interval_runtime: 0.3054, interval_samples_per_second: 26.1952, interval_steps_per_second: 3.2744, global_norm: 24.069171905517578, progress_or_epoch: 0.0, cpu_used_memory: 237.37, cpu_available_memory: 2654.53[0m
[32m[2026-05-24 19:53:31,432] [    INFO][0m - [DataLoad global_step: 5] data_load_time: 0.06 ms (accumulated over 1 micro-batches)[0m
[32m[2026-05-24 19:53:31,432] [    INFO][0m - 
Training completed. 
[0m
[32m[2026-05-24 19:53:31,432] [    INFO][0m - train_runtime: 5.1013, train_samples_per_second: 7.8411, train_steps_per_second: 0.9801, train_loss: 11.729434967041016, progress_or_epoch: 0.0, cpu_used_memory: 237.37, cpu_available_memory: 2654.53[0m

TrainProcess: 100%|██████████| 5/5 [00:05<00:00,  1.02s/it]
[32m[2026-05-24 19:53:31,433] [    INFO][0m - Saving model checkpoint to /root/paddlejob/share-storage/gpfs/system-public/dingxibo/PaddleFleet/Research/VHA-Warmup/output/qwen3_vha_1p7B_dha_fusion/smoke[0m
[2026-05-24 19:53:31,554] [    INFO] utils.py:391 - Process 708901 could not acquire the lock; another process is writing or has written the metadata.
[32m[2026-05-24 19:53:34,306] [    INFO][0m - ***** train metrics *****[0m
[32m[2026-05-24 19:53:34,306] [    INFO][0m -   cpu_available_memory     =    2654.53[0m
[32m[2026-05-24 19:53:34,306] [    INFO][0m -   cpu_used_memory          =     237.37[0m
[32m[2026-05-24 19:53:34,306] [    INFO][0m -   progress_or_epoch        =        0.0[0m
[32m[2026-05-24 19:53:34,306] [    INFO][0m -   train_loss               =    11.7294[0m
[32m[2026-05-24 19:53:34,306] [    INFO][0m -   train_runtime            = 0:00:05.10[0m
LAUNCH INFO 2026-05-24 19:53:39,939 Pod completed
LAUNCH INFO 2026-05-24 19:53:39,939 Exit code 0
[32m[2026-05-24 19:53:34,306] [    INFO][0m -   train_samples_per_second =     7.8411[0m
[32m[2026-05-24 19:53:34,306] [    INFO][0m -   train_steps_per_second   =     0.9801[0m
